1217_GB3LKKR01DTQ2E	NC_023693.1	100.000	17	5	26	13	0	0	265	57	69	148612	122203	122215
1217_GB3LKKR01DTQ2E	NC_023693.1	100.000	17	5	26	13	0	0	265	163	175	148612	138100	138088
1217_GB3LKKR01DTQ2E	NC_023693.1	100.000	17	5	24	12	0	0	265	162	173	148612	64024	64013
1217_GB3LKKR01DTQ2E	NC_023693.1	100.000	17	5	24	12	0	0	265	58	69	148612	135697	135686
1217_GB3LKKR01DTQ2E	NC_023693.1	88.235	17	6	24	17	2	0	265	121	137	148612	138925	138941
1217_GB3LKKR01DTQ2E	NC_024711.1	84.000	15	9	26	25	3	1	265	6	30	97065	91016	91039
1217_GB3LKKR01DTQ2E	NC_024711.1	93.333	15	6	24	15	1	0	265	68	82	97065	25717	25703
1217_GB3LKKR01DOG04	NC_023693.1	100.000	11	11	26	13	0	0	117	58	70	148612	122203	122215
1217_GB3LKKR01DOG04	NC_023693.1	100.000	11	10	24	12	0	0	117	59	70	148612	135697	135686
1217_GB3LKKR01DOG04	NC_024711.1	84.000	34	21	26	25	3	1	117	6	30	97065	91016	91039
1217_GB3LKKR01DOG04	NC_024711.1	93.333	34	13	24	15	1	0	117	69	83	97065	25717	25703
1217_GB3LKKR01AL7BN	NC_024711.1	100.000	32	5	28	14	0	0	265	153	166	97065	28888	28875
1217_GB3LKKR01AL7BN	NC_024711.1	88.889	32	7	26	18	2	0	265	159	176	97065	38304	38321
1217_GB3LKKR01AL7BN	NC_024711.1	88.889	32	7	26	18	2	0	265	43	60	97065	38647	38664
1217_GB3LKKR01AL7BN	NC_024711.1	100.000	32	5	24	12	0	0	265	148	159	97065	10619	10608
1217_GB3LKKR01AL7BN	NC_024711.1	93.333	32	6	24	15	1	0	265	68	82	97065	25717	25703
1217_GB3LKKR01AL7BN	NC_024711.1	100.000	32	5	24	12	0	0	265	155	166	97065	73357	73368
1217_GB3LKKR01AL7BN	NC_024711.1	86.364	32	8	24	22	2	1	265	6	27	97065	91016	91036
1217_GB3LKKR01AL7BN	NC_023693.1	100.000	22	5	26	13	0	0	265	56	68	148612	133381	133369
1217_GB3LKKR01AL7BN	NC_023693.1	100.000	22	5	26	13	0	0	265	163	175	148612	138100	138088
1217_GB3LKKR01AL7BN	NC_023693.1	88.889	22	7	26	18	2	0	265	121	138	148612	138925	138942
1217_GB3LKKR01AL7BN	NC_023693.1	100.000	22	5	24	12	0	0	265	54	65	148612	26259	26248
1217_GB3LKKR01AL7BN	NC_023693.1	100.000	22	5	24	12	0	0	265	12	23	148612	42738	42749
1217_GB3LKKR02FUFQQ	NC_024711.1	100.000	39	5	28	14	0	0	266	153	166	97065	28888	28875
1217_GB3LKKR02FUFQQ	NC_024711.1	100.000	39	5	26	13	0	0	266	243	255	97065	26967	26955
1217_GB3LKKR02FUFQQ	NC_024711.1	88.889	39	7	26	18	2	0	266	159	176	97065	38304	38321
1217_GB3LKKR02FUFQQ	NC_024711.1	88.889	39	7	26	18	2	0	266	43	60	97065	38647	38664
1217_GB3LKKR02FUFQQ	NC_024711.1	100.000	39	5	24	12	0	0	266	148	159	97065	10619	10608
1217_GB3LKKR02FUFQQ	NC_024711.1	93.333	39	6	24	15	1	0	266	68	82	97065	25717	25703
1217_GB3LKKR02FUFQQ	NC_024711.1	100.000	39	5	24	12	0	0	266	243	254	97065	33060	33071
1217_GB3LKKR02FUFQQ	NC_024711.1	85.000	39	8	24	20	3	0	266	237	256	97065	69145	69164
1217_GB3LKKR02FUFQQ	NC_024711.1	100.000	39	5	24	12	0	0	266	155	166	97065	73357	73368
1217_GB3LKKR02FUFQQ	NC_024711.1	86.364	39	8	24	22	2	1	266	6	27	97065	91016	91036
1217_GB3LKKR02FUFQQ	NC_023693.1	100.000	22	5	26	13	0	0	266	56	68	148612	133381	133369
1217_GB3LKKR02FUFQQ	NC_023693.1	100.000	22	5	26	13	0	0	266	163	175	148612	138100	138088
1217_GB3LKKR02FUFQQ	NC_023693.1	88.889	22	7	26	18	2	0	266	121	138	148612	138925	138942
1217_GB3LKKR02FUFQQ	NC_023693.1	100.000	22	5	24	12	0	0	266	54	65	148612	26259	26248
1217_GB3LKKR02FUFQQ	NC_023693.1	100.000	22	5	24	12	0	0	266	12	23	148612	42738	42749
1217_contig04236	NC_023693.1	87.500	40	9	28	24	2	1	265	84	106	148612	35497	35520
1217_contig04236	NC_023693.1	100.000	40	5	26	13	0	0	265	142	154	148612	16676	16664
1217_contig04236	NC_023693.1	100.000	40	5	26	13	0	0	265	101	113	148612	63420	63432
1217_contig04236	NC_023693.1	100.000	40	5	26	13	0	0	265	217	229	148612	86220	86208
1217_contig04236	NC_023693.1	100.000	40	5	26	13	0	0	265	163	175	148612	138100	138088
1217_contig04236	NC_023693.1	100.000	40	5	24	12	0	0	265	44	55	148612	36682	36693
1217_contig04236	NC_023693.1	100.000	40	5	24	12	0	0	265	178	189	148612	49937	49926
1217_contig04236	NC_023693.1	100.000	40	5	24	12	0	0	265	25	36	148612	90419	90408
1217_contig04236	NC_023693.1	100.000	40	5	24	12	0	0	265	104	115	148612	137994	138005
1217_contig04236	NC_024711.1	100.000	25	5	28	14	0	0	265	153	166	97065	28888	28875
1217_contig04236	NC_024711.1	100.000	25	5	26	13	0	0	265	57	69	97065	34049	34037
1217_contig04236	NC_024711.1	88.889	25	7	26	18	2	0	265	159	176	97065	38304	38321
1217_contig04236	NC_024711.1	100.000	25	5	24	12	0	0	265	236	247	97065	36221	36232
1217_contig04236	NC_024711.1	100.000	25	5	24	12	0	0	265	68	79	97065	38825	38836
1217_contig04236	NC_024711.1	100.000	25	5	24	12	0	0	265	147	158	97065	59680	59669
1217_contig04236	NC_024711.1	100.000	25	5	24	12	0	0	265	155	166	97065	73357	73368
1217_GB3LKKR02GUTL4	NC_024711.1	100.000	11	8	30	15	0	0	181	26	40	97065	31594	31580
1217_GB3LKKR02GUTL4	NC_024711.1	85.000	11	11	24	20	3	0	181	21	40	97065	30207	30188
1217_GB3LKKR02GUTL4	NC_024711.1	100.000	11	7	24	12	0	0	181	21	32	97065	54552	54563
1217_GB3LKKR02GUTL4	NC_024711.1	100.000	11	7	24	12	0	0	181	24	35	97065	67067	67056
1217_GB3LKKR02GUTL4	NC_023693.1	88.889	28	10	26	18	2	0	181	45	62	148612	6608	6625
1217_GB3LKKR02GUTL4	NC_023693.1	100.000	28	7	26	13	0	0	181	5	17	148612	80010	79998
1217_GB3LKKR02GUTL4	NC_023693.1	89.474	28	10	24	19	1	1	181	16	33	148612	125278	125260
1217_GB3LKKR02GUTL4	NC_023693.1	100.000	28	7	24	12	0	0	181	25	36	148612	140756	140767
211b_GB3LKKR02FZEFS	NC_023693.1	100.000	28	7	32	16	0	0	218	96	111	148612	76100	76115
211b_GB3LKKR02FZEFS	NC_023693.1	93.333	28	7	24	15	1	0	218	191	205	148612	10302	10288
211b_GB3LKKR02FZEFS	NC_023693.1	100.000	28	6	24	12	0	0	218	52	63	148612	113030	113041
211b_GB3LKKR02FZEFS	NC_023693.1	88.235	28	8	24	17	2	0	218	149	165	148612	122042	122026
211b_GB3LKKR02FZEFS	NC_024711.1	100.000	11	6	24	12	0	0	218	124	135	97065	5454	5465
211b_GB3LKKR02FZEFS	NC_024711.1	100.000	11	6	24	12	0	0	218	95	106	97065	71417	71406
211b_GB3LKKR02I4GU4	NC_023693.1	88.889	37	18	26	18	2	0	98	59	76	148612	47688	47705
211b_GB3LKKR02I4GU4	NC_023693.1	100.000	37	12	24	12	0	0	98	52	63	148612	113030	113041
211b_GB3LKKR02I4GU4	NC_023693.1	100.000	37	11	22	11	0	0	98	55	65	148612	4408	4398
211b_GB3LKKR02I4GU4	NC_023693.1	100.000	37	11	22	11	0	0	98	33	43	148612	88438	88448
211b_GB3LKKR02I4GU4	NC_024711.1	85.000	43	20	24	20	3	0	98	60	79	97065	36564	36583
211b_GB3LKKR02I4GU4	NC_024711.1	92.857	43	14	22	14	1	0	98	63	76	97065	15035	15022
211b_GB3LKKR02I4GU4	NC_024711.1	100.000	43	11	22	11	0	0	98	48	58	97065	46791	46781
211b_GB3LKKR02I4GU4	NC_024711.1	100.000	43	11	22	11	0	0	98	26	36	97065	72927	72917
211b_GB3LKKR01A3RF7	NC_023693.1	90.000	26	10	30	20	2	0	207	73	92	148612	135023	135042
211b_GB3LKKR01A3RF7	NC_023693.1	88.889	26	9	26	18	2	0	207	114	131	148612	86413	86430
211b_GB3LKKR01A3RF7	NC_023693.1	93.333	26	7	24	15	1	0	207	26	40	148612	108011	107997
211b_GB3LKKR01A3RF7	NC_024711.1	94.444	26	8	26	18	0	1	207	61	77	97065	26110	26093
211b_GB3LKKR01A3RF7	NC_024711.1	81.818	26	11	24	22	4	0	207	127	148	97065	4864	4843
211b_GB3LKKR01A3RF7	NC_024711.1	100.000	26	6	24	12	0	0	207	125	136	97065	5454	5465
211b_GB3LKKR01A3RF7	NC_024711.1	100.000	26	6	24	12	0	0	207	100	111	97065	55277	55266
211b_GB3LKKR01EE5WR	NC_023693.1	100.000	28	7	28	14	0	0	203	128	141	148612	51826	51839
211b_GB3LKKR01EE5WR	NC_023693.1	100.000	28	6	26	13	0	0	203	149	161	148612	118082	118094
211b_GB3LKKR01EE5WR	NC_023693.1	93.333	28	7	24	15	1	0	203	134	148	148612	17046	17032
211b_GB3LKKR01EE5WR	NC_023693.1	100.000	28	6	24	12	0	0	203	35	46	148612	49862	49851
211b_GB3LKKR01EE5WR	NC_023693.1	93.333	28	7	24	15	1	0	203	42	56	148612	50701	50687
211b_GB3LKKR01EE5WR	NC_023693.1	100.000	28	6	24	12	0	0	203	43	54	148612	51482	51493
211b_GB3LKKR01EE5WR	NC_023693.1	100.000	28	6	24	12	0	0	203	42	53	148612	77957	77968
211b_GB3LKKR01EE5WR	NC_023693.1	100.000	28	6	24	12	0	0	203	39	50	148612	130221	130210
211b_GB3LKKR01EE5WR	NC_024711.1	100.000	17	6	26	13	0	0	203	33	45	97065	70774	70786
211b_GB3LKKR01EE5WR	NC_024711.1	93.333	17	7	24	15	1	0	203	119	133	97065	82782	82796
211b_GB3LKKR01EE5WR	NC_024711.1	100.000	17	6	24	12	0	0	203	128	139	97065	86561	86550
211b_GB3LKKR02JMT8K	NC_023693.1	90.000	33	9	30	20	2	0	213	67	86	148612	135023	135042
211b_GB3LKKR02JMT8K	NC_023693.1	100.000	33	6	26	13	0	0	213	141	153	148612	7921	7909
211b_GB3LKKR02JMT8K	NC_023693.1	100.000	33	6	26	13	0	0	213	167	179	148612	119458	119446
211b_GB3LKKR02JMT8K	NC_023693.1	100.000	33	6	24	12	0	0	213	106	117	148612	27143	27132
211b_GB3LKKR02JMT8K	NC_023693.1	100.000	33	6	24	12	0	0	213	201	212	148612	83977	83988
211b_GB3LKKR02JMT8K	NC_024711.1	94.444	19	8	26	18	0	1	213	55	71	97065	26110	26093
211b_GB3LKKR02JMT8K	NC_024711.1	100.000	19	6	24	12	0	0	213	158	169	97065	33	22
211b_GB3LKKR02JMT8K	NC_024711.1	100.000	19	6	24	12	0	0	213	200	211	97065	39789	39800
211b_contig03712	NC_023693.1	100.000	58	7	26	13	0	0	174	110	122	148612	27166	27178
211b_contig03712	NC_023693.1	73.333	58	26	26	45	11	1	174	26	70	148612	51450	51493
211b_contig03712	NC_023693.1	88.889	58	10	26	18	2	0	174	133	150	148612	121229	121212
211b_contig03712	NC_023693.1	100.000	58	7	24	12	0	0	174	50	61	148612	47557	47568
211b_contig03712	NC_023693.1	93.333	58	9	24	15	1	0	174	58	72	148612	50701	50687
211b_contig03712	NC_023693.1	100.000	58	7	24	12	0	0	174	58	69	148612	77957	77968
211b_contig03712	NC_023693.1	100.000	58	7	24	12	0	0	174	118	129	148612	109807	109796
211b_contig03712	NC_023693.1	88.235	58	10	24	17	2	0	174	150	166	148612	122042	122026
211b_contig03712	NC_023693.1	100.000	58	7	24	12	0	0	174	55	66	148612	130221	130210
211b_contig03712	NC_024711.1	100.000	7	7	24	12	0	0	174	138	149	97065	82785	82796
211b_GB3LKKR01EP7G6	NC_023693.1	93.750	26	7	26	16	1	0	226	27	42	148612	36810	36795
211b_GB3LKKR01EP7G6	NC_023693.1	88.889	26	8	26	18	2	0	226	130	147	148612	86413	86430
211b_GB3LKKR01EP7G6	NC_023693.1	100.000	26	5	24	12	0	0	226	41	52	148612	55936	55947
211b_GB3LKKR01EP7G6	NC_023693.1	100.000	26	5	24	12	0	0	226	29	40	148612	56654	56665
211b_GB3LKKR01EP7G6	NC_023693.1	93.333	26	7	24	15	1	0	226	108	122	148612	61400	61414
211b_GB3LKKR01EP7G6	NC_024711.1	100.000	23	6	26	13	0	0	226	82	94	97065	48733	48745
211b_GB3LKKR01EP7G6	NC_024711.1	100.000	23	5	24	12	0	0	226	141	152	97065	5454	5465
211b_GB3LKKR01EP7G6	NC_024711.1	100.000	23	5	24	12	0	0	226	46	57	97065	5991	6002
211b_GB3LKKR01EP7G6	NC_024711.1	93.333	23	7	24	15	1	0	226	81	95	97065	55178	55164
211b_GB3LKKR01EP7G6	NC_024711.1	100.000	23	5	24	12	0	0	226	116	127	97065	55277	55266
211b_GB3LKKR01EP7G6	NC_024711.1	93.333	23	7	24	15	1	0	226	80	94	97065	92695	92681
562_FTSPZO101A27VS	NC_024711.1	100.000	28	8	28	14	0	0	177	119	132	97065	38179	38192
562_FTSPZO101A27VS	NC_024711.1	94.118	28	10	28	17	1	0	177	110	126	97065	65269	65253
562_FTSPZO101A27VS	NC_024711.1	76.316	28	21	26	38	8	1	177	121	158	97065	78455	78491
562_FTSPZO101A27VS	NC_024711.1	100.000	28	7	26	13	0	0	177	111	123	97065	96179	96191
562_FTSPZO101A27VS	NC_024711.1	100.000	28	7	24	12	0	0	177	110	121	97065	3925	3936
562_FTSPZO101A27VS	NC_024711.1	100.000	28	7	24	12	0	0	177	111	122	97065	7387	7398
562_FTSPZO101A27VS	NC_024711.1	100.000	28	7	24	12	0	0	177	121	132	97065	62958	62947
562_FTSPZO101A27VS	NC_023693.1	100.000	30	7	24	12	0	0	177	66	77	148612	35004	34993
562_FTSPZO101A27VS	NC_023693.1	100.000	30	7	24	12	0	0	177	96	107	148612	67314	67325
562_FTSPZO101A27VS	NC_023693.1	88.235	30	10	24	17	2	0	177	121	137	148612	69613	69629
562_FTSPZO101A27VS	NC_023693.1	100.000	30	7	24	12	0	0	177	161	172	148612	128154	128165
562_FTSPZO101DXNAS	NC_023693.1	100.000	38	8	30	15	0	0	177	143	157	148612	43816	43830
562_FTSPZO101DXNAS	NC_023693.1	100.000	38	7	24	12	0	0	177	66	77	148612	35004	34993
562_FTSPZO101DXNAS	NC_023693.1	100.000	38	7	24	12	0	0	177	96	107	148612	67314	67325
562_FTSPZO101DXNAS	NC_023693.1	88.235	38	10	24	17	2	0	177	121	137	148612	69613	69629
562_FTSPZO101DXNAS	NC_023693.1	100.000	38	7	24	12	0	0	177	1	12	148612	74033	74044
562_FTSPZO101DXNAS	NC_024711.1	100.000	14	8	28	14	0	0	177	119	132	97065	38179	38192
562_FTSPZO101DXNAS	NC_024711.1	93.333	14	8	24	15	1	0	177	109	123	97065	5358	5372
562_FTSPZO101DXNAS	NC_024711.1	100.000	14	7	24	12	0	0	177	121	132	97065	62958	62947
562_FTSPZO101DXNAS	NC_024711.1	100.000	14	7	24	12	0	0	177	112	123	97065	90817	90806
562_FTSPZO101DXNAS	NC_024711.1	85.000	14	11	24	20	3	0	177	112	131	97065	94334	94315
562_FTSPZO101CZDGE	NC_022089.1	93.750	14	14	26	16	1	0	116	10	25	3780	2924	2939
562_FTSPZO101CZDGE	NC_023693.1	100.000	21	10	24	12	0	0	116	5	16	148612	35004	34993
562_FTSPZO101CZDGE	NC_023693.1	100.000	21	10	24	12	0	0	116	35	46	148612	67314	67325
562_FTSPZO101CZDGE	NC_024711.1	88.235	22	15	24	17	2	0	116	47	63	97065	852	868
562_FTSPZO101CZDGE	NC_024711.1	100.000	22	10	24	12	0	0	116	60	71	97065	53851	53840
562_FTSPZO101CZDGE	NC_024711.1	100.000	22	10	24	12	0	0	116	60	71	97065	92782	92771
562_FTSPZO101D4AJL	NC_024711.1	100.000	20	8	28	14	0	0	177	119	132	97065	38179	38192
562_FTSPZO101D4AJL	NC_024711.1	93.333	20	8	24	15	1	0	177	109	123	97065	5358	5372
562_FTSPZO101D4AJL	NC_024711.1	100.000	20	7	24	12	0	0	177	49	60	97065	9580	9591
562_FTSPZO101D4AJL	NC_024711.1	100.000	20	7	24	12	0	0	177	121	132	97065	62958	62947
562_FTSPZO101D4AJL	NC_024711.1	100.000	20	7	24	12	0	0	177	112	123	97065	90817	90806
562_FTSPZO101D4AJL	NC_024711.1	85.000	20	11	24	20	3	0	177	112	131	97065	94334	94315
562_FTSPZO101D4AJL	NC_023693.1	100.000	56	7	26	13	0	0	177	30	42	148612	71614	71626
562_FTSPZO101D4AJL	NC_023693.1	100.000	56	7	24	12	0	0	177	158	169	148612	3761	3772
562_FTSPZO101D4AJL	NC_023693.1	100.000	56	7	24	12	0	0	177	66	77	148612	35004	34993
562_FTSPZO101D4AJL	NC_023693.1	100.000	56	7	24	12	0	0	177	21	32	148612	38870	38881
562_FTSPZO101D4AJL	NC_023693.1	100.000	56	7	24	12	0	0	177	96	107	148612	67314	67325
562_FTSPZO101D4AJL	NC_023693.1	88.235	56	10	24	17	2	0	177	121	137	148612	69613	69629
562_FTSPZO101D4AJL	NC_023693.1	100.000	56	7	24	12	0	0	177	1	12	148612	74033	74044
562_FTSPZO101D4AJL	NC_023693.1	100.000	56	7	24	12	0	0	177	48	59	148612	128119	128108
562_DBA-SLE	NC_023693.1	100.000	38	7	24	12	0	0	177	158	169	148612	3761	3772
562_DBA-SLE	NC_023693.1	100.000	38	7	24	12	0	0	177	129	140	148612	32477	32488
562_DBA-SLE	NC_023693.1	100.000	38	7	24	12	0	0	177	66	77	148612	35004	34993
562_DBA-SLE	NC_023693.1	100.000	38	7	24	12	0	0	177	121	132	148612	48521	48510
562_DBA-SLE	NC_023693.1	100.000	38	7	24	12	0	0	177	98	109	148612	59508	59497
562_DBA-SLE	NC_023693.1	100.000	38	7	24	12	0	0	177	1	12	148612	74033	74044
562_FTSPZO101EUCSI	NC_024711.1	100.000	10	10	28	14	0	0	138	72	85	97065	20474	20487
562_FTSPZO101EUCSI	NC_024711.1	100.000	10	9	24	12	0	0	138	73	84	97065	61768	61779
562_FTSPZO101EUCSI	NC_023693.1	100.000	9	9	24	12	0	0	138	119	130	148612	3761	3772
562_FPFNBIF02IG1EQ	NC_024711.1	100.000	45	16	28	14	0	0	89	31	44	97065	38179	38192
562_FPFNBIF02IG1EQ	NC_024711.1	100.000	45	13	24	12	0	0	89	33	44	97065	62958	62947
562_FPFNBIF02IG1EQ	NC_024711.1	93.333	45	17	24	15	1	0	89	20	34	97065	83715	83729
562_FPFNBIF02IG1EQ	NC_024711.1	100.000	45	12	22	11	0	0	89	33	43	97065	27361	27371
562_FPFNBIF02IG1EQ	NC_024711.1	100.000	45	12	22	11	0	0	89	59	69	97065	61845	61835
562_FPFNBIF02IG1EQ	NC_024711.1	100.000	45	12	22	11	0	0	89	25	35	97065	88263	88253
562_FPFNBIF02IG1EQ	NC_024711.1	100.000	45	12	22	11	0	0	89	38	48	97065	90580	90570
562_FPFNBIF02IG1EQ	NC_024711.1	100.000	45	12	22	11	0	0	89	24	34	97065	96632	96622
562_FPFNBIF02IG1EQ	NC_023693.1	100.000	33	13	24	12	0	0	89	70	81	148612	3761	3772
562_FPFNBIF02IG1EQ	NC_023693.1	88.235	33	19	24	17	2	0	89	33	49	148612	69613	69629
457_FTSPZO101BPBHB	NC_023693.1	100.000	22	7	30	15	0	0	211	174	188	148612	134957	134971
457_FTSPZO101BPBHB	NC_023693.1	100.000	22	6	24	12	0	0	211	125	136	148612	45301	45290
457_FTSPZO101BPBHB	NC_023693.1	100.000	22	6	24	12	0	0	211	81	92	148612	62514	62525
457_FTSPZO101BPBHB	NC_023693.1	100.000	22	6	24	12	0	0	211	78	89	148612	68044	68055
457_FTSPZO101BPBHB	NC_023693.1	100.000	22	6	24	12	0	0	211	73	84	148612	122203	122192
457_FTSPZO101BPBHB	NC_022089.1	100.000	6	6	26	13	0	0	211	164	176	3780	2488	2500
457_FTSPZO101BPBHB	NC_024711.1	85.000	9	9	24	20	3	0	211	67	86	97065	74916	74897
457_FS22EC101CA3FG	NC_023693.1	88.235	30	8	24	17	2	0	211	180	196	148612	49537	49521
457_FS22EC101CA3FG	NC_023693.1	93.333	30	7	24	15	1	0	211	165	179	148612	60651	60637
457_FS22EC101CA3FG	NC_023693.1	100.000	30	6	24	12	0	0	211	82	93	148612	62514	62525
457_FS22EC101CA3FG	NC_023693.1	100.000	30	6	24	12	0	0	211	79	90	148612	68044	68055
457_FS22EC101CA3FG	NC_023693.1	100.000	30	6	24	12	0	0	211	43	54	148612	94293	94304
457_FS22EC101CA3FG	NC_023693.1	100.000	30	6	24	12	0	0	211	74	85	148612	108153	108142
457_FS22EC101CA3FG	NC_024711.1	100.000	6	6	24	12	0	0	211	186	197	97065	58288	58299
457_FTSPZO101B9AWK	NC_023693.1	100.000	44	7	30	15	0	0	212	17	31	148612	143993	144007
457_FTSPZO101B9AWK	NC_023693.1	100.000	44	6	24	12	0	0	212	187	198	148612	11218	11229
457_FTSPZO101B9AWK	NC_023693.1	100.000	44	6	24	12	0	0	212	159	170	148612	23337	23326
457_FTSPZO101B9AWK	NC_023693.1	93.333	44	7	24	15	1	0	212	59	73	148612	36126	36140
457_FTSPZO101B9AWK	NC_023693.1	100.000	44	6	24	12	0	0	212	163	174	148612	38312	38301
457_FTSPZO101B9AWK	NC_023693.1	100.000	44	6	24	12	0	0	212	74	85	148612	53703	53692
457_FTSPZO101B9AWK	NC_023693.1	93.333	44	7	24	15	1	0	212	79	93	148612	62511	62525
457_FTSPZO101B9AWK	NC_023693.1	100.000	44	6	24	12	0	0	212	63	74	148612	89090	89079
457_FTSPZO101B9AWK	NC_023693.1	100.000	44	6	24	12	0	0	212	62	73	148612	92901	92890
457_FTSPZO101B9AWK	NC_023693.1	100.000	44	6	24	12	0	0	212	43	54	148612	94293	94304
457_FTSPZO101B9AWK	NC_023693.1	100.000	44	6	24	12	0	0	212	14	25	148612	141469	141480
457_FTSPZO101B9AWK	NC_024711.1	90.000	19	9	30	20	2	0	212	59	78	97065	80442	80423
457_FTSPZO101B9AWK	NC_024711.1	89.474	19	9	28	19	2	0	212	155	173	97065	86534	86516
457_FTSPZO101B9AWK	NC_024711.1	100.000	19	6	24	12	0	0	212	154	165	97065	230	219
457_FTSPZO101B9AWK	NC_024711.1	100.000	19	6	24	12	0	0	212	68	79	97065	53059	53048
457_FTSPZO101B6C5R	NC_023693.1	100.000	15	9	24	12	0	0	134	82	93	148612	62514	62525
457_FTSPZO101B6C5R	NC_023693.1	100.000	15	9	24	12	0	0	134	79	90	148612	68044	68055
457_FTSPZO101B6C5R	NC_023693.1	100.000	15	9	24	12	0	0	134	74	85	148612	108153	108142
457_FTSPZO101DMWHB	NC_024711.1	100.000	11	10	28	14	0	0	134	29	42	97065	66596	66583
457_FTSPZO101DMWHB	NC_024711.1	100.000	11	10	26	13	0	0	134	31	43	97065	3616	3628
457_FTSPZO101DMWHB	NC_023693.1	100.000	24	9	24	12	0	0	134	82	93	148612	62514	62525
457_FTSPZO101DMWHB	NC_023693.1	100.000	24	9	24	12	0	0	134	79	90	148612	68044	68055
457_FTSPZO101DMWHB	NC_023693.1	100.000	24	9	24	12	0	0	134	43	54	148612	94293	94304
457_FTSPZO101DMWHB	NC_023693.1	100.000	24	9	24	12	0	0	134	74	85	148612	108153	108142
348_GB3LKKR02JPI9I	NC_024711.1	86.957	12	10	30	23	3	0	237	32	54	97065	88562	88540
348_GB3LKKR02JPI9I	NC_024711.1	83.333	12	10	28	24	4	0	237	26	49	97065	54703	54726
348_GB3LKKR02JPI9I	NC_024711.1	100.000	12	5	24	12	0	0	237	39	50	97065	34568	34557
348_GB3LKKR02JPI9I	NC_023693.1	88.889	38	8	26	18	2	0	237	185	202	148612	29262	29245
348_GB3LKKR02JPI9I	NC_023693.1	94.444	38	7	26	18	0	1	237	39	55	148612	43896	43913
348_GB3LKKR02JPI9I	NC_023693.1	88.889	38	8	26	18	2	0	237	31	48	148612	67831	67848
348_GB3LKKR02JPI9I	NC_023693.1	93.750	38	7	26	16	1	0	237	197	212	148612	98765	98750
348_GB3LKKR02JPI9I	NC_023693.1	85.714	38	9	26	21	3	0	237	31	51	148612	98892	98872
348_GB3LKKR02JPI9I	NC_023693.1	93.750	38	7	26	16	1	0	237	195	210	148612	101234	101219
348_GB3LKKR02JPI9I	NC_023693.1	93.750	38	7	26	16	1	0	237	197	212	148612	134145	134130
348_GB3LKKR02JPI9I	NC_023693.1	100.000	38	5	24	12	0	0	237	30	41	148612	56689	56700
348_GB3LKKR02JPI9I	NC_023693.1	100.000	38	5	24	12	0	0	237	126	137	148612	58800	58789
348_GB3LKKR02JPI9I	NC_023693.1	100.000	38	5	24	12	0	0	237	34	45	148612	121623	121612
348_GB3LKKR02JPI9I	NC_023693.1	93.333	38	6	24	15	1	0	237	159	173	148612	121986	121972
348_GB3LKKR02JPI9I	NC_023693.1	79.310	38	11	24	29	4	1	237	195	221	148612	129761	129789
348_contig03211	NC_024711.1	86.957	13	10	30	23	3	0	228	23	45	97065	88562	88540
348_contig03211	NC_024711.1	83.333	13	11	28	24	4	0	228	17	40	97065	54703	54726
348_contig03211	NC_024711.1	100.000	13	5	24	12	0	0	228	30	41	97065	34568	34557
348_contig03211	NC_023693.1	88.889	39	8	26	18	2	0	228	176	193	148612	29262	29245
348_contig03211	NC_023693.1	94.444	39	7	26	18	0	1	228	30	46	148612	43896	43913
348_contig03211	NC_023693.1	88.889	39	8	26	18	2	0	228	22	39	148612	67831	67848
348_contig03211	NC_023693.1	93.750	39	7	26	16	1	0	228	188	203	148612	98765	98750
348_contig03211	NC_023693.1	85.714	39	9	26	21	3	0	228	22	42	148612	98892	98872
348_contig03211	NC_023693.1	93.750	39	7	26	16	1	0	228	186	201	148612	101234	101219
348_contig03211	NC_023693.1	93.750	39	7	26	16	1	0	228	188	203	148612	134145	134130
348_contig03211	NC_023693.1	100.000	39	5	24	12	0	0	228	21	32	148612	56689	56700
348_contig03211	NC_023693.1	100.000	39	5	24	12	0	0	228	117	128	148612	58800	58789
348_contig03211	NC_023693.1	100.000	39	5	24	12	0	0	228	25	36	148612	121623	121612
348_contig03211	NC_023693.1	93.333	39	7	24	15	1	0	228	150	164	148612	121986	121972
348_contig03211	NC_023693.1	79.310	39	12	24	29	4	1	228	186	212	148612	129761	129789
348_GB3LKKR02GT5I1	NC_023693.1	88.889	27	16	26	18	2	0	110	31	48	148612	67831	67848
348_GB3LKKR02GT5I1	NC_023693.1	100.000	27	11	24	12	0	0	110	48	59	148612	13875	13864
348_GB3LKKR02GT5I1	NC_023693.1	100.000	27	11	24	12	0	0	110	30	41	148612	56689	56700
348_GB3LKKR02GT5I1	NC_023693.1	100.000	27	11	24	12	0	0	110	34	45	148612	121623	121612
348_GB3LKKR02GT5I1	NC_024711.1	82.609	21	21	26	23	4	0	110	27	49	97065	54704	54726
348_GB3LKKR01A2JGN	NC_024711.1	86.957	22	11	30	23	3	0	211	158	180	97065	45241	45219
348_GB3LKKR01A2JGN	NC_024711.1	82.609	22	11	26	23	4	0	211	32	54	97065	88562	88540
348_GB3LKKR01A2JGN	NC_024711.1	88.235	22	8	24	17	2	0	211	159	175	97065	6150	6166
348_GB3LKKR01A2JGN	NC_024711.1	100.000	22	6	24	12	0	0	211	162	173	97065	25108	25097
348_GB3LKKR01A2JGN	NC_024711.1	100.000	22	6	24	12	0	0	211	39	50	97065	34568	34557
348_GB3LKKR01A2JGN	NC_023693.1	88.889	28	9	26	18	2	0	211	185	202	148612	29262	29245
348_GB3LKKR01A2JGN	NC_023693.1	94.444	28	8	26	18	0	1	211	39	55	148612	43896	43913
348_GB3LKKR01A2JGN	NC_023693.1	100.000	28	6	26	13	0	0	211	31	43	148612	104238	104226
348_GB3LKKR01A2JGN	NC_023693.1	100.000	28	6	24	12	0	0	211	27	38	148612	45771	45760
348_GB3LKKR01A2JGN	NC_023693.1	100.000	28	6	24	12	0	0	211	126	137	148612	58800	58789
348_GB3LKKR01A2JGN	NC_023693.1	100.000	28	6	24	12	0	0	211	34	45	148612	98295	98284
348_GB3LKKR01A2JGN	NC_023693.1	100.000	28	6	24	12	0	0	211	40	51	148612	98883	98872
348_GB3LKKR01A2JGN	NC_023693.1	100.000	28	6	24	12	0	0	211	37	48	148612	137674	137685
348_GB3LKKR02I0PFL	NC_023693.1	95.000	38	8	34	20	1	0	236	201	220	148612	50721	50702
348_GB3LKKR02I0PFL	NC_023693.1	90.000	38	8	26	20	1	1	236	199	218	148612	13426	13408
348_GB3LKKR02I0PFL	NC_023693.1	88.889	38	8	26	18	2	0	236	185	202	148612	29262	29245
348_GB3LKKR02I0PFL	NC_023693.1	94.444	38	7	26	18	0	1	236	39	55	148612	43896	43913
348_GB3LKKR02I0PFL	NC_023693.1	88.889	38	8	26	18	2	0	236	31	48	148612	67831	67848
348_GB3LKKR02I0PFL	NC_023693.1	85.714	38	9	26	21	3	0	236	31	51	148612	98892	98872
348_GB3LKKR02I0PFL	NC_023693.1	100.000	38	5	24	12	0	0	236	30	41	148612	56689	56700
348_GB3LKKR02I0PFL	NC_023693.1	100.000	38	5	24	12	0	0	236	126	137	148612	58800	58789
348_GB3LKKR02I0PFL	NC_023693.1	100.000	38	5	24	12	0	0	236	34	45	148612	121623	121612
348_GB3LKKR02I0PFL	NC_023693.1	93.333	38	6	24	15	1	0	236	159	173	148612	121986	121972
348_GB3LKKR02I0PFL	NC_024711.1	86.957	22	10	30	23	3	0	236	32	54	97065	88562	88540
348_GB3LKKR02I0PFL	NC_024711.1	83.333	22	10	28	24	4	0	236	26	49	97065	54703	54726
348_GB3LKKR02I0PFL	NC_024711.1	100.000	22	6	26	13	0	0	236	200	212	97065	90830	90842
348_GB3LKKR02I0PFL	NC_024711.1	88.235	22	7	24	17	2	0	236	193	209	97065	16071	16055
348_GB3LKKR02I0PFL	NC_024711.1	100.000	22	5	24	12	0	0	236	39	50	97065	34568	34557
348_GB3LKKR02I0PFL	NC_024711.1	93.333	22	6	24	15	1	0	236	202	216	97065	92991	92977
348_GB3LKKR02H3Y6W	NC_023693.1	100.000	33	8	26	13	0	0	172	75	87	148612	4503	4491
348_GB3LKKR02H3Y6W	NC_023693.1	100.000	33	7	24	12	0	0	172	49	60	148612	53010	53021
348_GB3LKKR02H3Y6W	NC_023693.1	100.000	33	7	24	12	0	0	172	60	71	148612	58801	58790
348_GB3LKKR02H3Y6W	NC_023693.1	100.000	33	7	24	12	0	0	172	113	124	148612	71396	71407
348_GB3LKKR02H3Y6W	NC_023693.1	93.333	33	9	24	15	1	0	172	119	133	148612	77120	77134
348_GB3LKKR02H3Y6W	NC_023693.1	100.000	33	7	24	12	0	0	172	57	68	148612	117351	117340
348_GB3LKKR02H3Y6W	NC_024711.1	82.609	40	13	26	23	4	0	172	93	115	97065	45241	45219
348_GB3LKKR02H3Y6W	NC_024711.1	81.481	40	16	26	27	3	1	172	134	160	97065	49042	49018
348_GB3LKKR02H3Y6W	NC_024711.1	93.333	40	9	24	15	1	0	172	128	142	97065	16071	16057
348_GB3LKKR02H3Y6W	NC_024711.1	100.000	40	7	24	12	0	0	172	135	146	97065	79189	79200
348_GB3LKKR02H3Y6W	NC_024711.1	100.000	40	7	24	12	0	0	172	36	47	97065	79728	79739
348_GB3LKKR02FQWKY	NC_024711.1	86.957	25	10	30	23	3	0	228	150	172	97065	45241	45219
348_GB3LKKR02FQWKY	NC_024711.1	82.609	25	10	26	23	4	0	228	24	46	97065	88562	88540
348_GB3LKKR02FQWKY	NC_024711.1	88.235	25	7	24	17	2	0	228	151	167	97065	6150	6166
348_GB3LKKR02FQWKY	NC_024711.1	100.000	25	5	24	12	0	0	228	154	165	97065	25108	25097
348_GB3LKKR02FQWKY	NC_024711.1	100.000	25	5	24	12	0	0	228	200	211	97065	26852	26863
348_GB3LKKR02FQWKY	NC_024711.1	100.000	25	5	24	12	0	0	228	31	42	97065	34568	34557
348_GB3LKKR02FQWKY	NC_023693.1	88.889	30	8	26	18	2	0	228	177	194	148612	29262	29245
348_GB3LKKR02FQWKY	NC_023693.1	94.444	30	7	26	18	0	1	228	31	47	148612	43896	43913
348_GB3LKKR02FQWKY	NC_023693.1	93.750	30	7	26	16	1	0	228	189	204	148612	98765	98750
348_GB3LKKR02FQWKY	NC_023693.1	93.750	30	7	26	16	1	0	228	187	202	148612	101234	101219
348_GB3LKKR02FQWKY	NC_023693.1	100.000	30	6	26	13	0	0	228	23	35	148612	104238	104226
348_GB3LKKR02FQWKY	NC_023693.1	93.750	30	7	26	16	1	0	228	189	204	148612	134145	134130
348_GB3LKKR02FQWKY	NC_023693.1	100.000	30	5	24	12	0	0	228	19	30	148612	45771	45760
348_GB3LKKR02FQWKY	NC_023693.1	100.000	30	5	24	12	0	0	228	118	129	148612	58800	58789
348_GB3LKKR02FQWKY	NC_023693.1	100.000	30	5	24	12	0	0	228	26	37	148612	98295	98284
348_GB3LKKR02FQWKY	NC_023693.1	100.000	30	5	24	12	0	0	228	32	43	148612	98883	98872
348_GB3LKKR02FQWKY	NC_023693.1	100.000	30	5	24	12	0	0	228	29	40	148612	137674	137685
348_GB3LKKR01AYE55	NC_023693.1	94.737	60	8	28	19	0	1	235	208	225	148612	30517	30499
348_GB3LKKR01AYE55	NC_023693.1	100.000	60	6	28	14	0	0	235	25	38	148612	45773	45760
348_GB3LKKR01AYE55	NC_023693.1	87.500	60	10	28	24	2	1	235	90	113	148612	91851	91873
348_GB3LKKR01AYE55	NC_023693.1	93.750	60	7	26	16	1	0	235	49	64	148612	65662	65677
348_GB3LKKR01AYE55	NC_023693.1	100.000	60	6	26	13	0	0	235	153	165	148612	75716	75704
348_GB3LKKR01AYE55	NC_023693.1	100.000	60	6	26	13	0	0	235	12	24	148612	83336	83348
348_GB3LKKR01AYE55	NC_023693.1	100.000	60	6	26	13	0	0	235	31	43	148612	104238	104226
348_GB3LKKR01AYE55	NC_023693.1	80.000	60	12	26	30	4	1	235	37	64	148612	137674	137703
348_GB3LKKR01AYE55	NC_023693.1	93.333	60	6	24	15	1	0	235	43	57	148612	40804	40818
348_GB3LKKR01AYE55	NC_023693.1	85.000	60	9	24	20	3	0	235	80	99	148612	64025	64044
348_GB3LKKR01AYE55	NC_023693.1	100.000	60	5	24	12	0	0	235	34	45	148612	98295	98284
348_GB3LKKR01AYE55	NC_023693.1	100.000	60	5	24	12	0	0	235	141	152	148612	111222	111211
348_GB3LKKR01AYE55	NC_023693.1	100.000	60	5	24	12	0	0	235	151	162	148612	111267	111278
348_GB3LKKR01AYE55	NC_023693.1	100.000	60	5	24	12	0	0	235	224	235	148612	116503	116514
348_GB3LKKR01AYE55	NC_023693.1	100.000	60	5	24	12	0	0	235	17	28	148612	125851	125840
348_GB3LKKR01AYE55	NC_024711.1	94.118	35	7	28	17	1	0	235	139	155	97065	7008	7024
348_GB3LKKR01AYE55	NC_024711.1	100.000	35	6	28	14	0	0	235	180	193	97065	12662	12675
348_GB3LKKR01AYE55	NC_024711.1	93.750	35	7	26	16	1	0	235	146	161	97065	3875	3890
348_GB3LKKR01AYE55	NC_024711.1	100.000	35	6	26	13	0	0	235	39	51	97065	54716	54728
348_GB3LKKR01AYE55	NC_024711.1	93.333	35	6	24	15	1	0	235	133	147	97065	22446	22432
348_GB3LKKR01AYE55	NC_024711.1	93.333	35	6	24	15	1	0	235	142	156	97065	23261	23275
348_GB3LKKR01AYE55	NC_024711.1	100.000	35	5	24	12	0	0	235	183	194	97065	50653	50642
348_GB3LKKR01AYE55	NC_024711.1	100.000	35	5	24	12	0	0	235	222	233	97065	65901	65890
348_GB3LKKR01AYE55	NC_024711.1	93.333	35	6	24	15	1	0	235	40	54	97065	74820	74834
348_GB3LKKR01AYE55	NC_024711.1	93.333	35	6	24	15	1	0	235	189	203	97065	92729	92743
348_GB3LKKR01AYE55	NC_024711.1	100.000	35	5	24	12	0	0	235	179	190	97065	96067	96056
348_GB3LKKR01A5HAT	NC_024711.1	86.957	30	10	30	23	3	0	237	32	54	97065	88562	88540
348_GB3LKKR01A5HAT	NC_024711.1	93.750	30	7	26	16	1	0	237	199	214	97065	20189	20174
348_GB3LKKR01A5HAT	NC_024711.1	82.609	30	10	26	23	4	0	237	27	49	97065	54704	54726
348_GB3LKKR01A5HAT	NC_024711.1	88.235	30	7	24	17	2	0	237	159	175	97065	6150	6166
348_GB3LKKR01A5HAT	NC_024711.1	100.000	30	5	24	12	0	0	237	212	223	97065	12128	12139
348_GB3LKKR01A5HAT	NC_024711.1	100.000	30	5	24	12	0	0	237	162	173	97065	25108	25097
348_GB3LKKR01A5HAT	NC_024711.1	100.000	30	5	24	12	0	0	237	39	50	97065	34568	34557
348_GB3LKKR01A5HAT	NC_024711.1	88.235	30	7	24	17	2	0	237	158	174	97065	45241	45225
348_GB3LKKR01A5HAT	NC_024711.1	100.000	30	5	24	12	0	0	237	210	221	97065	52521	52510
348_GB3LKKR01A5HAT	NC_023693.1	94.444	31	7	26	18	0	1	237	39	55	148612	43896	43913
348_GB3LKKR01A5HAT	NC_023693.1	82.609	31	10	26	23	4	0	237	155	177	148612	64453	64475
348_GB3LKKR01A5HAT	NC_023693.1	88.889	31	8	26	18	2	0	237	31	48	148612	67831	67848
348_GB3LKKR01A5HAT	NC_023693.1	85.714	31	9	26	21	3	0	237	31	51	148612	98892	98872
348_GB3LKKR01A5HAT	NC_023693.1	100.000	31	5	24	12	0	0	237	211	222	148612	56610	56621
348_GB3LKKR01A5HAT	NC_023693.1	100.000	31	5	24	12	0	0	237	30	41	148612	56689	56700
348_GB3LKKR01A5HAT	NC_023693.1	100.000	31	5	24	12	0	0	237	126	137	148612	58800	58789
348_GB3LKKR01A5HAT	NC_023693.1	100.000	31	5	24	12	0	0	237	34	45	148612	121623	121612
348_contig03850	NC_024711.1	85.185	38	11	30	27	2	1	237	70	96	97065	83825	83849
348_contig03850	NC_024711.1	93.750	38	7	26	16	1	0	237	199	214	97065	20189	20174
348_contig03850	NC_024711.1	88.235	38	7	24	17	2	0	237	159	175	97065	6150	6166
348_contig03850	NC_024711.1	81.818	38	9	24	22	4	0	237	151	172	97065	6892	6913
348_contig03850	NC_024711.1	100.000	38	5	24	12	0	0	237	212	223	97065	12128	12139
348_contig03850	NC_024711.1	100.000	38	5	24	12	0	0	237	98	109	97065	40971	40960
348_contig03850	NC_024711.1	100.000	38	5	24	12	0	0	237	162	173	97065	51345	51334
348_contig03850	NC_024711.1	100.000	38	5	24	12	0	0	237	210	221	97065	52521	52510
348_contig03850	NC_023693.1	93.750	35	7	26	16	1	0	237	120	135	148612	117512	117497
348_contig03850	NC_023693.1	93.750	35	7	26	16	1	0	237	159	174	148612	128725	128710
348_contig03850	NC_023693.1	100.000	35	5	24	12	0	0	237	26	37	148612	2386	2397
348_contig03850	NC_023693.1	100.000	35	5	24	12	0	0	237	211	222	148612	56610	56621
348_contig03850	NC_023693.1	93.333	35	6	24	15	1	0	237	30	44	148612	73804	73818
348_contig03850	NC_023693.1	93.333	35	6	24	15	1	0	237	3	17	148612	81757	81771
348_contig03850	NC_023693.1	93.333	35	6	24	15	1	0	237	8	22	148612	127662	127648
348_contig03850	NC_023693.1	100.000	35	5	24	12	0	0	237	161	172	148612	128116	128105
241b_GB3LKKR01C994Z	NC_024711.1	100.000	20	9	26	13	0	0	147	110	122	97065	27847	27859
241b_GB3LKKR01C994Z	NC_024711.1	100.000	20	8	24	12	0	0	147	85	96	97065	61911	61900
241b_GB3LKKR01C994Z	NC_024711.1	100.000	20	8	24	12	0	0	147	116	127	97065	92613	92602
241b_GB3LKKR01C994Z	NC_023693.1	81.818	27	15	24	22	4	0	147	73	94	148612	29644	29665
241b_GB3LKKR01C994Z	NC_023693.1	100.000	27	8	24	12	0	0	147	27	38	148612	122856	122845
241b_GB3LKKR01C994Z	NC_023693.1	88.235	27	12	24	17	2	0	147	23	39	148612	145572	145588
241b_GB3LKKR01AVTUK	NC_024711.1	100.000	25	7	26	13	0	0	175	5	17	97065	2009	1997
241b_GB3LKKR01AVTUK	NC_024711.1	100.000	25	7	26	13	0	0	175	117	129	97065	27847	27859
241b_GB3LKKR01AVTUK	NC_024711.1	100.000	25	7	24	12	0	0	175	93	104	97065	61911	61900
241b_GB3LKKR01AVTUK	NC_024711.1	100.000	25	7	24	12	0	0	175	123	134	97065	92613	92602
241b_GB3LKKR01AVTUK	NC_023693.1	81.818	44	13	24	22	4	0	175	81	102	148612	29644	29665
241b_GB3LKKR01AVTUK	NC_023693.1	100.000	44	7	24	12	0	0	175	6	17	148612	73408	73419
241b_GB3LKKR01AVTUK	NC_023693.1	100.000	44	7	24	12	0	0	175	15	26	148612	79535	79524
241b_GB3LKKR01AVTUK	NC_023693.1	100.000	44	7	24	12	0	0	175	35	46	148612	122856	122845
241b_GB3LKKR01AVTUK	NC_023693.1	88.235	44	10	24	17	2	0	175	31	47	148612	145572	145588
241b_GB3LKKR01AVTUK	NC_023693.1	88.235	44	10	24	17	2	0	175	52	68	148612	146120	146104
241b_GB3LKKR01E2N9H	NC_023693.1	100.000	7	7	24	12	0	0	177	137	148	148612	47741	47730
241b_GB3LKKR01B1HN4	NC_023693.1	100.000	19	7	24	12	0	0	177	137	148	148612	47741	47730
241b_GB3LKKR01B1HN4	NC_023693.1	79.310	19	16	24	29	5	1	177	143	170	148612	101659	101631
241b_GB3LKKR02J46T7	NC_023693.1	93.750	10	10	26	16	1	0	166	22	37	148612	122860	122845
241b_GB3LKKR02J46T7	NC_024711.1	100.000	7	7	24	12	0	0	166	65	76	97065	43584	43573
540_FTSPZO101CLSF2	NC_023693.1	100.000	21	6	30	15	0	0	245	81	95	148612	134695	134709
540_FTSPZO101CLSF2	NC_023693.1	100.000	21	5	26	13	0	0	245	197	209	148612	120578	120590
540_FTSPZO101CLSF2	NC_023693.1	100.000	21	5	24	12	0	0	245	104	115	148612	56940	56929
540_FTSPZO101CLSF2	NC_023693.1	100.000	21	5	24	12	0	0	245	31	42	148612	96928	96917
540_FTSPZO101CLSF2	NC_022089.1	100.000	5	5	26	13	0	0	245	48	60	3780	3406	3394
540_FTSPZO101CLSF2	NC_024711.1	100.000	25	5	26	13	0	0	245	32	44	97065	27709	27721
540_FTSPZO101CLSF2	NC_024711.1	94.444	25	7	26	18	0	1	245	42	59	97065	38600	38584
540_FTSPZO101CLSF2	NC_024711.1	93.750	25	7	26	16	1	0	245	53	68	97065	95585	95570
540_FTSPZO101CLSF2	NC_024711.1	100.000	25	5	24	12	0	0	245	33	44	97065	30705	30694
540_FTSPZO101CLSF2	NC_024711.1	81.818	25	9	24	22	4	0	245	40	61	97065	31976	31955
540_FTSPZO101CLSF2	NC_024711.1	100.000	25	5	24	12	0	0	245	109	120	97065	55190	55179
540_FTSPZO101CLSF2	NC_024711.1	100.000	25	5	24	12	0	0	245	199	210	97065	62384	62395
540_ER8QEOW01CIRYO	NC_023693.1	86.207	22	13	34	29	3	1	228	16	44	148612	29611	29584
540_ER8QEOW01CIRYO	NC_023693.1	100.000	22	6	26	13	0	0	228	41	53	148612	2044	2056
540_ER8QEOW01CIRYO	NC_023693.1	100.000	22	5	24	12	0	0	228	62	73	148612	122728	122739
540_ER8QEOW01CIRYO	NC_024711.1	100.000	5	5	24	12	0	0	228	65	76	97065	66725	66736
540_DBA-SLE_c2415	NC_023693.1	100.000	20	7	26	13	0	0	183	17	29	148612	70234	70222
540_DBA-SLE_c2415	NC_023693.1	100.000	20	7	24	12	0	0	183	136	147	148612	96353	96364
540_DBA-SLE_c2415	NC_023693.1	100.000	20	7	24	12	0	0	183	122	133	148612	111029	111040
540_DBA-SLE_c2415	NC_024711.1	93.333	8	8	24	15	1	0	183	5	19	97065	44956	44942
540_FC8LRL301AU4EL	NC_023693.1	100.000	20	7	26	13	0	0	198	76	88	148612	70234	70222
540_FC8LRL301AU4EL	NC_023693.1	100.000	20	6	24	12	0	0	198	55	66	148612	2045	2056
540_FC8LRL301AU4EL	NC_023693.1	93.333	20	8	24	15	1	0	198	166	180	148612	31112	31126
540_FC8LRL301AU4EL	NC_024711.1	100.000	14	7	26	13	0	0	198	43	55	97065	4155	4167
540_FC8LRL301AU4EL	NC_024711.1	93.333	14	8	24	15	1	0	198	64	78	97065	44956	44942
540_is	NC_024711.1	94.737	18	8	28	19	0	1	238	40	58	97065	70971	70954
540_is	NC_024711.1	100.000	18	5	24	12	0	0	238	192	203	97065	62384	62395
540_is	NC_024711.1	100.000	18	5	24	12	0	0	238	154	165	97065	78057	78046
540_is	NC_023693.1	100.000	17	5	26	13	0	0	238	190	202	148612	120578	120590
540_is	NC_023693.1	100.000	17	5	24	12	0	0	238	55	66	148612	2045	2056
540_is	NC_023693.1	93.333	17	6	24	15	1	0	238	162	176	148612	31112	31126
540_cerebrospinal_rep_c831	NC_024711.1	94.737	14	8	28	19	0	1	242	40	58	97065	70971	70954
540_cerebrospinal_rep_c831	NC_024711.1	93.333	14	6	24	15	1	0	242	64	78	97065	44956	44942
540_cerebrospinal_rep_c831	NC_023693.1	100.000	17	5	26	13	0	0	242	76	88	148612	70234	70222
540_cerebrospinal_rep_c831	NC_023693.1	100.000	17	5	24	12	0	0	242	55	66	148612	2045	2056
540_cerebrospinal_rep_c831	NC_023693.1	93.333	17	6	24	15	1	0	242	166	180	148612	31112	31126
540_FS22EC101AWJ2M	NC_023693.1	100.000	26	5	26	13	0	0	241	194	206	148612	120578	120590
540_FS22EC101AWJ2M	NC_023693.1	100.000	26	5	26	13	0	0	241	80	92	148612	134697	134709
540_FS22EC101AWJ2M	NC_023693.1	100.000	26	5	24	12	0	0	241	55	66	148612	2045	2056
540_FS22EC101AWJ2M	NC_023693.1	100.000	26	5	24	12	0	0	241	169	180	148612	8456	8445
540_FS22EC101AWJ2M	NC_023693.1	100.000	26	5	24	12	0	0	241	101	112	148612	56940	56929
540_FS22EC101AWJ2M	NC_024711.1	93.333	22	6	24	15	1	0	241	172	186	97065	17785	17799
540_FS22EC101AWJ2M	NC_024711.1	93.333	22	6	24	15	1	0	241	64	78	97065	44956	44942
540_FS22EC101AWJ2M	NC_024711.1	100.000	22	5	24	12	0	0	241	196	207	97065	62384	62395
540_FS22EC101AWJ2M	NC_024711.1	100.000	22	5	24	12	0	0	241	158	169	97065	78057	78046
179a_GB3LKKR01D9539	NC_024711.1	73.913	52	15	32	46	12	0	314	78	123	97065	14649	14604
179a_GB3LKKR01D9539	NC_024711.1	100.000	52	4	28	14	0	0	314	107	120	97065	37635	37648
179a_GB3LKKR01D9539	NC_024711.1	100.000	52	4	26	13	0	0	314	107	119	97065	6985	6973
179a_GB3LKKR01D9539	NC_024711.1	88.889	52	6	26	18	2	0	314	139	156	97065	23515	23498
179a_GB3LKKR01D9539	NC_024711.1	93.750	52	5	26	16	1	0	314	247	262	97065	80213	80228
179a_GB3LKKR01D9539	NC_024711.1	93.333	52	5	24	15	1	0	314	27	41	97065	13966	13952
179a_GB3LKKR01D9539	NC_024711.1	93.333	52	5	24	15	1	0	314	182	196	97065	14307	14293
179a_GB3LKKR01D9539	NC_024711.1	88.235	52	5	24	17	2	0	314	209	225	97065	21944	21928
179a_GB3LKKR01D9539	NC_024711.1	100.000	52	4	24	12	0	0	314	52	63	97065	43264	43253
179a_GB3LKKR01D9539	NC_024711.1	100.000	52	4	24	12	0	0	314	236	247	97065	64254	64265
179a_GB3LKKR01D9539	NC_024711.1	100.000	52	4	24	12	0	0	314	107	118	97065	87068	87079
179a_GB3LKKR01D9539	NC_024711.1	100.000	52	4	24	12	0	0	314	242	253	97065	87397	87408
179a_GB3LKKR01D9539	NC_024711.1	100.000	52	4	24	12	0	0	314	1	12	97065	91791	91802
179a_GB3LKKR01D9539	NC_023693.1	100.000	29	4	28	14	0	0	314	232	245	148612	51415	51402
179a_GB3LKKR01D9539	NC_023693.1	100.000	29	4	28	14	0	0	314	62	75	148612	131178	131165
179a_GB3LKKR01D9539	NC_023693.1	100.000	29	4	26	13	0	0	314	90	102	148612	52274	52286
179a_GB3LKKR01D9539	NC_023693.1	93.750	29	5	26	16	1	0	314	173	188	148612	62168	62183
179a_GB3LKKR01D9539	NC_023693.1	100.000	29	4	24	12	0	0	314	237	248	148612	24515	24504
179a_GB3LKKR01D9539	NC_023693.1	100.000	29	4	24	12	0	0	314	18	29	148612	37233	37222
179a_GB3LKKR01D9539	NC_023693.1	93.333	29	5	24	15	1	0	314	179	193	148612	58584	58598
179a_GB3LKKR01D9539	NC_023693.1	100.000	29	4	24	12	0	0	314	111	122	148612	98349	98360
179a_GB3LKKR01D9539	NC_023693.1	100.000	29	4	24	12	0	0	314	183	194	148612	121881	121870
179a_GB3LKKR01B7VFA	NC_023693.1	100.000	31	4	28	14	0	0	313	232	245	148612	51415	51402
179a_GB3LKKR01B7VFA	NC_023693.1	93.750	31	5	26	16	1	0	313	173	188	148612	62168	62183
179a_GB3LKKR01B7VFA	NC_023693.1	100.000	31	4	24	12	0	0	313	237	248	148612	24515	24504
179a_GB3LKKR01B7VFA	NC_023693.1	100.000	31	4	24	12	0	0	313	18	29	148612	37233	37222
179a_GB3LKKR01B7VFA	NC_023693.1	100.000	31	4	24	12	0	0	313	59	70	148612	49332	49321
179a_GB3LKKR01B7VFA	NC_023693.1	93.333	31	5	24	15	1	0	313	179	193	148612	58584	58598
179a_GB3LKKR01B7VFA	NC_023693.1	100.000	31	4	24	12	0	0	313	94	105	148612	78629	78618
179a_GB3LKKR01B7VFA	NC_023693.1	93.333	31	5	24	15	1	0	313	26	40	148612	89268	89254
179a_GB3LKKR01B7VFA	NC_023693.1	100.000	31	4	24	12	0	0	313	111	122	148612	98349	98360
179a_GB3LKKR01B7VFA	NC_023693.1	100.000	31	4	24	12	0	0	313	183	194	148612	121881	121870
179a_GB3LKKR01B7VFA	NC_024711.1	100.000	39	4	28	14	0	0	313	107	120	97065	37635	37648
179a_GB3LKKR01B7VFA	NC_024711.1	94.118	39	5	28	17	1	0	313	88	104	97065	80188	80172
179a_GB3LKKR01B7VFA	NC_024711.1	100.000	39	4	26	13	0	0	313	107	119	97065	6985	6973
179a_GB3LKKR01B7VFA	NC_024711.1	100.000	39	4	26	13	0	0	313	59	71	97065	66022	66034
179a_GB3LKKR01B7VFA	NC_024711.1	93.750	39	5	26	16	1	0	313	247	262	97065	80213	80228
179a_GB3LKKR01B7VFA	NC_024711.1	88.235	39	5	24	17	2	0	313	101	117	97065	3626	3610
179a_GB3LKKR01B7VFA	NC_024711.1	100.000	39	4	24	12	0	0	313	92	103	97065	8568	8557
179a_GB3LKKR01B7VFA	NC_024711.1	88.235	39	5	24	17	2	0	313	95	111	97065	13936	13920
179a_GB3LKKR01B7VFA	NC_024711.1	93.333	39	5	24	15	1	0	313	182	196	97065	14307	14293
179a_GB3LKKR01B7VFA	NC_024711.1	88.235	39	5	24	17	2	0	313	107	123	97065	14620	14604
179a_GB3LKKR01B7VFA	NC_024711.1	100.000	39	4	24	12	0	0	313	58	69	97065	53328	53339
179a_GB3LKKR01B7VFA	NC_024711.1	100.000	39	4	24	12	0	0	313	236	247	97065	64254	64265
179a_GB3LKKR01B7VFA	NC_024711.1	100.000	39	4	24	12	0	0	313	212	223	97065	64373	64362
179a_GB3LKKR01B7VFA	NC_024711.1	93.333	39	5	24	15	1	0	313	104	118	97065	87065	87079
179a_GB3LKKR01B7VFA	NC_024711.1	100.000	39	4	24	12	0	0	313	242	253	97065	87397	87408
179a_GB3LKKR01B7VFA	NC_024711.1	100.000	39	4	24	12	0	0	313	65	76	97065	90230	90241
179a_GB3LKKR01B7VFA	NC_024711.1	100.000	39	4	24	12	0	0	313	1	12	97065	91791	91802
179a_GB3LKKR01A1AS6	NC_023693.1	94.118	27	10	28	17	1	0	174	81	97	148612	57436	57420
179a_GB3LKKR01A1AS6	NC_023693.1	88.889	27	10	26	18	2	0	174	111	128	148612	24514	24497
179a_GB3LKKR01A1AS6	NC_023693.1	100.000	27	7	24	12	0	0	174	136	147	148612	40061	40050
179a_GB3LKKR01A1AS6	NC_024711.1	100.000	7	7	24	12	0	0	174	53	64	97065	19990	19979
179a_GB3LKKR01DZB8X	NC_024711.1	100.000	41	8	28	14	0	0	177	91	104	97065	37635	37648
179a_GB3LKKR01DZB8X	NC_024711.1	94.118	41	10	28	17	1	0	177	43	59	97065	47972	47988
179a_GB3LKKR01DZB8X	NC_024711.1	100.000	41	7	26	13	0	0	177	91	103	97065	6985	6973
179a_GB3LKKR01DZB8X	NC_024711.1	88.889	41	10	26	18	2	0	177	79	96	97065	35885	35868
179a_GB3LKKR01DZB8X	NC_024711.1	88.235	41	10	24	17	2	0	177	85	101	97065	3626	3610
179a_GB3LKKR01DZB8X	NC_024711.1	93.333	41	8	24	15	1	0	177	163	177	97065	13171	13185
179a_GB3LKKR01DZB8X	NC_024711.1	88.235	41	10	24	17	2	0	177	91	107	97065	14620	14604
179a_GB3LKKR01DZB8X	NC_024711.1	100.000	41	7	24	12	0	0	177	62	73	97065	26990	26979
179a_GB3LKKR01DZB8X	NC_024711.1	93.333	41	8	24	15	1	0	177	80	94	97065	63814	63828
179a_GB3LKKR01DZB8X	NC_024711.1	93.333	41	8	24	15	1	0	177	88	102	97065	87065	87079
179a_GB3LKKR01DZB8X	NC_023693.1	100.000	20	7	24	12	0	0	177	51	62	148612	31170	31181
179a_GB3LKKR01DZB8X	NC_023693.1	100.000	20	7	24	12	0	0	177	2	13	148612	37233	37222
179a_GB3LKKR01DZB8X	NC_023693.1	100.000	20	7	24	12	0	0	177	95	106	148612	98349	98360
179a_GB3LKKR02JP9RY	NC_024711.1	100.000	34	4	28	14	0	0	314	107	120	97065	37635	37648
179a_GB3LKKR02JP9RY	NC_024711.1	94.118	34	5	28	17	1	0	314	88	104	97065	80188	80172
179a_GB3LKKR02JP9RY	NC_024711.1	100.000	34	4	26	13	0	0	314	107	119	97065	6985	6973
179a_GB3LKKR02JP9RY	NC_024711.1	100.000	34	4	26	13	0	0	314	179	191	97065	13171	13183
179a_GB3LKKR02JP9RY	NC_024711.1	100.000	34	4	26	13	0	0	314	59	71	97065	66022	66034
179a_GB3LKKR02JP9RY	NC_024711.1	100.000	34	4	26	13	0	0	314	154	166	97065	85195	85207
179a_GB3LKKR02JP9RY	NC_024711.1	88.235	34	5	24	17	2	0	314	101	117	97065	3626	3610
179a_GB3LKKR02JP9RY	NC_024711.1	100.000	34	4	24	12	0	0	314	92	103	97065	8568	8557
179a_GB3LKKR02JP9RY	NC_024711.1	88.235	34	5	24	17	2	0	314	95	111	97065	13936	13920
179a_GB3LKKR02JP9RY	NC_024711.1	88.235	34	5	24	17	2	0	314	107	123	97065	14620	14604
179a_GB3LKKR02JP9RY	NC_024711.1	100.000	34	4	24	12	0	0	314	183	194	97065	19990	19979
179a_GB3LKKR02JP9RY	NC_024711.1	100.000	34	4	24	12	0	0	314	181	192	97065	35736	35747
179a_GB3LKKR02JP9RY	NC_024711.1	100.000	34	4	24	12	0	0	314	58	69	97065	53328	53339
179a_GB3LKKR02JP9RY	NC_024711.1	100.000	34	4	24	12	0	0	314	259	270	97065	74404	74393
179a_GB3LKKR02JP9RY	NC_024711.1	93.333	34	5	24	15	1	0	314	104	118	97065	87065	87079
179a_GB3LKKR02JP9RY	NC_024711.1	100.000	34	4	24	12	0	0	314	65	76	97065	90230	90241
179a_GB3LKKR02JP9RY	NC_024711.1	100.000	34	4	24	12	0	0	314	1	12	97065	91791	91802
179a_GB3LKKR02JP9RY	NC_023693.1	82.609	32	7	26	23	4	0	314	259	281	148612	95887	95909
179a_GB3LKKR02JP9RY	NC_023693.1	93.750	32	5	26	16	1	0	314	181	196	148612	115883	115868
179a_GB3LKKR02JP9RY	NC_023693.1	100.000	32	4	24	12	0	0	314	18	29	148612	37233	37222
179a_GB3LKKR02JP9RY	NC_023693.1	93.333	32	5	24	15	1	0	314	257	271	148612	40064	40050
179a_GB3LKKR02JP9RY	NC_023693.1	100.000	32	4	24	12	0	0	314	59	70	148612	49332	49321
179a_GB3LKKR02JP9RY	NC_023693.1	100.000	32	4	24	12	0	0	314	94	105	148612	78629	78618
179a_GB3LKKR02JP9RY	NC_023693.1	93.333	32	5	24	15	1	0	314	26	40	148612	89268	89254
179a_GB3LKKR02JP9RY	NC_023693.1	100.000	32	4	24	12	0	0	314	111	122	148612	98349	98360
406b_GB3LKKR02JAOTH	NC_023693.1	100.000	15	4	28	14	0	0	370	79	92	148612	5238	5225
406b_GB3LKKR02JAOTH	NC_023693.1	88.889	15	5	26	18	2	0	370	72	89	148612	8708	8725
406b_GB3LKKR02JAOTH	NC_023693.1	93.750	15	4	26	16	1	0	370	75	90	148612	48838	48853
406b_GB3LKKR02JAOTH	NC_023693.1	100.000	15	4	26	13	0	0	370	157	169	148612	88360	88372
406b_GB3LKKR02JAOTH	NC_023693.1	100.000	15	4	26	13	0	0	370	334	346	148612	91647	91659
406b_GB3LKKR02JAOTH	NC_023693.1	100.000	15	4	26	13	0	0	370	64	76	148612	133470	133482
406b_GB3LKKR02JAOTH	NC_024711.1	81.481	8	7	28	27	5	0	370	95	121	97065	93562	93588
406b_GB3LKKR02JAOTH	NC_024711.1	88.889	8	5	26	18	2	0	370	105	122	97065	56279	56296
406b_GB3LKKR02JRCYP	NC_022089.1	100.000	3	3	28	14	0	0	441	424	437	3780	499	512
406b_GB3LKKR02JRCYP	NC_023693.1	100.000	17	3	28	14	0	0	441	79	92	148612	5238	5225
406b_GB3LKKR02JRCYP	NC_023693.1	100.000	17	3	26	13	0	0	441	215	227	148612	2403	2391
406b_GB3LKKR02JRCYP	NC_023693.1	88.889	17	4	26	18	2	0	441	72	89	148612	8708	8725
406b_GB3LKKR02JRCYP	NC_023693.1	88.889	17	4	26	18	2	0	441	213	230	148612	21257	21274
406b_GB3LKKR02JRCYP	NC_023693.1	93.750	17	4	26	16	1	0	441	75	90	148612	48838	48853
406b_GB3LKKR02JRCYP	NC_023693.1	100.000	17	3	26	13	0	0	441	157	169	148612	88360	88372
406b_GB3LKKR02JRCYP	NC_023693.1	100.000	17	3	26	13	0	0	441	337	349	148612	91647	91659
406b_GB3LKKR02JRCYP	NC_023693.1	100.000	17	3	26	13	0	0	441	64	76	148612	133470	133482
406b_GB3LKKR02JRCYP	NC_024711.1	81.481	11	6	28	27	5	0	441	95	121	97065	93562	93588
406b_GB3LKKR02JRCYP	NC_024711.1	85.714	11	5	26	21	3	0	441	214	234	97065	2814	2794
406b_GB3LKKR02JRCYP	NC_024711.1	88.889	11	4	26	18	2	0	441	105	122	97065	56279	56296
406b_GB3LKKR02JUV5A	NC_023693.1	100.000	15	4	26	13	0	0	359	217	229	148612	2403	2391
406b_GB3LKKR02JUV5A	NC_023693.1	93.750	15	4	26	16	1	0	359	152	167	148612	68289	68274
406b_GB3LKKR02JUV5A	NC_023693.1	100.000	15	4	26	13	0	0	359	340	352	148612	91647	91659
406b_GB3LKKR02JUV5A	NC_023693.1	100.000	15	4	26	13	0	0	359	4	16	148612	133840	133852
406b_contig01623	NC_023693.1	100.000	14	3	28	14	0	0	405	42	55	148612	5238	5225
406b_contig01623	NC_023693.1	100.000	14	3	28	14	0	0	405	214	227	148612	98278	98265
406b_contig01623	NC_023693.1	88.889	14	4	26	18	2	0	405	35	52	148612	8708	8725
406b_contig01623	NC_023693.1	93.750	14	4	26	16	1	0	405	38	53	148612	48838	48853
406b_contig01623	NC_023693.1	100.000	14	3	26	13	0	0	405	120	132	148612	88360	88372
406b_contig01623	NC_023693.1	100.000	14	3	26	13	0	0	405	27	39	148612	133470	133482
406b_contig01623	NC_024711.1	81.481	15	7	28	27	5	0	405	58	84	97065	93562	93588
406b_contig01623	NC_024711.1	100.000	15	3	26	13	0	0	405	233	245	97065	2306	2294
406b_contig01623	NC_024711.1	88.889	15	4	26	18	2	0	405	68	85	97065	56279	56296
406b_contig01623	NC_024711.1	88.889	15	4	26	18	2	0	405	129	146	97065	80630	80613
406b_GB3LKKR02F42F9	NC_022089.1	100.000	3	3	28	14	0	0	441	425	438	3780	499	512
406b_GB3LKKR02F42F9	NC_023693.1	100.000	12	3	26	13	0	0	441	215	227	148612	2403	2391
406b_GB3LKKR02F42F9	NC_023693.1	93.750	12	4	26	16	1	0	441	152	167	148612	68289	68274
406b_GB3LKKR02F42F9	NC_023693.1	100.000	12	3	26	13	0	0	441	338	350	148612	91647	91659
406b_GB3LKKR02F42F9	NC_023693.1	100.000	12	3	26	13	0	0	441	4	16	148612	133840	133852
406b_FTSPZO101CX1PY	NC_023693.1	80.769	25	10	26	26	5	0	271	140	165	148612	96597	96572
406b_FTSPZO101CX1PY	NC_023693.1	85.714	25	8	26	21	3	0	271	40	60	148612	125474	125494
406b_FTSPZO101CX1PY	NC_023693.1	100.000	25	4	24	12	0	0	271	99	110	148612	83914	83925
406b_FTSPZO101CX1PY	NC_023693.1	100.000	25	4	24	12	0	0	271	137	148	148612	88361	88372
406b_FTSPZO101CX1PY	NC_023693.1	88.235	25	6	24	17	2	0	271	99	115	148612	125625	125641
406b_FTSPZO101CX1PY	NC_024711.1	93.750	24	6	26	16	1	0	271	54	69	97065	77294	77279
406b_FTSPZO101CX1PY	NC_024711.1	93.333	24	6	24	15	1	0	271	71	85	97065	16766	16752
406b_FTSPZO101CX1PY	NC_024711.1	93.333	24	6	24	15	1	0	271	101	115	97065	20788	20802
406b_FTSPZO101CX1PY	NC_024711.1	100.000	24	4	24	12	0	0	271	71	82	97065	25476	25465
406b_FTSPZO101CX1PY	NC_024711.1	93.333	24	6	24	15	1	0	271	121	135	97065	46189	46203
406b_FTSPZO101CX1PY	NC_024711.1	100.000	24	4	24	12	0	0	271	51	62	97065	58165	58154
182a_GB3LKKR02H8MH7	NC_023693.1	86.957	24	6	30	23	3	0	364	116	138	148612	42164	42142
182a_GB3LKKR02H8MH7	NC_023693.1	93.750	24	4	26	16	1	0	364	264	279	148612	19831	19816
182a_GB3LKKR02H8MH7	NC_023693.1	85.714	24	6	26	21	3	0	364	301	321	148612	46818	46798
182a_GB3LKKR02H8MH7	NC_023693.1	100.000	24	4	26	13	0	0	364	275	287	148612	117186	117198
182a_GB3LKKR02H8MH7	NC_023693.1	88.889	24	5	26	18	2	0	364	238	255	148612	137087	137070
182a_GB3LKKR02H8MH7	NC_024711.1	76.923	25	10	28	39	8	1	364	232	269	97065	19979	20017
182a_GB3LKKR02H8MH7	NC_024711.1	80.000	25	8	28	30	3	1	364	297	326	97065	37074	37100
182a_GB3LKKR02H8MH7	NC_024711.1	100.000	25	4	26	13	0	0	364	26	38	97065	4533	4545
182a_GB3LKKR02H8MH7	NC_024711.1	82.609	25	6	26	23	4	0	364	19	41	97065	31082	31104
182a_GB3LKKR01C3KIQ	NC_023693.1	86.957	36	7	30	23	3	0	328	118	140	148612	42164	42142
182a_GB3LKKR01C3KIQ	NC_023693.1	86.364	36	7	28	22	3	0	328	171	192	148612	27754	27775
182a_GB3LKKR01C3KIQ	NC_023693.1	93.750	36	5	26	16	1	0	328	267	282	148612	19831	19816
182a_GB3LKKR01C3KIQ	NC_023693.1	85.714	36	6	26	21	3	0	328	304	324	148612	46818	46798
182a_GB3LKKR01C3KIQ	NC_023693.1	100.000	36	4	26	13	0	0	328	278	290	148612	117186	117198
182a_GB3LKKR01C3KIQ	NC_023693.1	88.889	36	5	26	18	2	0	328	241	258	148612	137087	137070
182a_GB3LKKR01C3KIQ	NC_023693.1	94.118	36	5	24	17	0	1	328	179	194	148612	22317	22333
182a_GB3LKKR01C3KIQ	NC_023693.1	100.000	36	4	24	12	0	0	328	248	259	148612	59217	59206
182a_GB3LKKR01C3KIQ	NC_023693.1	100.000	36	4	24	12	0	0	328	299	310	148612	94719	94730
182a_GB3LKKR01C3KIQ	NC_023693.1	88.235	36	5	24	17	2	0	328	117	133	148612	96997	97013
182a_GB3LKKR01C3KIQ	NC_023693.1	88.235	36	5	24	17	2	0	328	270	286	148612	109299	109283
182a_GB3LKKR01C3KIQ	NC_024711.1	76.923	32	12	28	39	8	1	328	235	272	97065	19979	20017
182a_GB3LKKR01C3KIQ	NC_024711.1	100.000	32	4	26	13	0	0	328	27	39	97065	4533	4545
182a_GB3LKKR01C3KIQ	NC_024711.1	82.609	32	7	26	23	4	0	328	20	42	97065	31082	31104
182a_GB3LKKR01C3KIQ	NC_024711.1	93.750	32	5	26	16	1	0	328	300	315	97065	37074	37089
182a_GB3LKKR01C3KIQ	NC_024711.1	84.000	32	7	26	25	3	1	328	244	267	97065	83993	83969
182a_GB3LKKR01C3KIQ	NC_024711.1	100.000	32	4	24	12	0	0	328	19	30	97065	4554	4565
182a_GB3LKKR01C3KIQ	NC_024711.1	93.333	32	5	24	15	1	0	328	27	41	97065	26685	26671
182a_GB3LKKR01C3KIQ	NC_024711.1	100.000	32	4	24	12	0	0	328	299	310	97065	27598	27609
182a_GB3LKKR01C3KIQ	NC_024711.1	93.333	32	5	24	15	1	0	328	30	44	97065	33168	33182
182a_GB3LKKR01C3KIQ	NC_024711.1	88.235	32	5	24	17	2	0	328	186	202	97065	73450	73434
182a_GB3LKKR01C3KIQ	NC_024711.1	100.000	32	4	24	12	0	0	328	179	190	97065	91022	91033
182a_GB3LKKR02H78NR	NC_024711.1	100.000	32	10	26	13	0	0	134	27	39	97065	4533	4545
182a_GB3LKKR02H78NR	NC_024711.1	82.609	32	17	26	23	4	0	134	20	42	97065	31082	31104
182a_GB3LKKR02H78NR	NC_024711.1	100.000	32	10	26	13	0	0	134	121	133	97065	73661	73649
182a_GB3LKKR02H78NR	NC_024711.1	100.000	32	9	24	12	0	0	134	19	30	97065	4554	4565
182a_GB3LKKR02H78NR	NC_024711.1	88.235	32	13	24	17	2	0	134	118	134	97065	16002	16018
182a_GB3LKKR02H78NR	NC_024711.1	93.333	32	11	24	15	1	0	134	27	41	97065	26685	26671
182a_GB3LKKR02H78NR	NC_024711.1	93.333	32	11	24	15	1	0	134	30	44	97065	33168	33182
182a_GB3LKKR02H78NR	NC_023693.1	93.333	11	11	24	15	1	0	134	118	132	148612	42164	42150
182a_GB3LKKR02I75TX	NC_023693.1	86.957	26	8	30	23	3	0	273	118	140	148612	42164	42142
182a_GB3LKKR02I75TX	NC_023693.1	88.889	26	7	26	18	2	0	273	240	257	148612	137087	137070
182a_GB3LKKR02I75TX	NC_023693.1	94.118	26	6	24	17	0	1	273	178	193	148612	22317	22333
182a_GB3LKKR02I75TX	NC_023693.1	100.000	26	4	24	12	0	0	273	247	258	148612	59217	59206
182a_GB3LKKR02I75TX	NC_023693.1	100.000	26	4	24	12	0	0	273	143	154	148612	70164	70153
182a_GB3LKKR02I75TX	NC_023693.1	88.235	26	6	24	17	2	0	273	117	133	148612	96997	97013
182a_GB3LKKR02I75TX	NC_024711.1	76.923	32	14	28	39	8	1	273	234	271	97065	19979	20017
182a_GB3LKKR02I75TX	NC_024711.1	100.000	32	5	26	13	0	0	273	27	39	97065	4533	4545
182a_GB3LKKR02I75TX	NC_024711.1	82.609	32	8	26	23	4	0	273	20	42	97065	31082	31104
182a_GB3LKKR02I75TX	NC_024711.1	84.000	32	9	26	25	3	1	273	243	266	97065	83993	83969
182a_GB3LKKR02I75TX	NC_024711.1	100.000	32	4	24	12	0	0	273	19	30	97065	4554	4565
182a_GB3LKKR02I75TX	NC_024711.1	93.333	32	5	24	15	1	0	273	27	41	97065	26685	26671
182a_GB3LKKR02I75TX	NC_024711.1	93.333	32	5	24	15	1	0	273	30	44	97065	33168	33182
182a_GB3LKKR02I75TX	NC_024711.1	88.235	32	6	24	17	2	0	273	185	201	97065	73450	73434
182a_GB3LKKR02I75TX	NC_024711.1	100.000	32	4	24	12	0	0	273	178	189	97065	91022	91033
182a_GB3LKKR01AM7C8	NC_023693.1	93.333	76	17	24	15	1	0	88	23	37	148612	62724	62738
182a_GB3LKKR01AM7C8	NC_023693.1	100.000	76	14	24	12	0	0	88	29	40	148612	71608	71597
182a_GB3LKKR01AM7C8	NC_023693.1	100.000	76	14	24	12	0	0	88	6	17	148612	106881	106892
182a_GB3LKKR01AM7C8	NC_023693.1	100.000	76	14	24	12	0	0	88	1	12	148612	126085	126096
182a_GB3LKKR01AM7C8	NC_023693.1	100.000	76	13	22	11	0	0	88	62	72	148612	39699	39689
182a_GB3LKKR01AM7C8	NC_023693.1	100.000	76	13	22	11	0	0	88	66	76	148612	58162	58172
182a_GB3LKKR01AM7C8	NC_023693.1	100.000	76	13	22	11	0	0	88	69	79	148612	66583	66573
182a_GB3LKKR01AM7C8	NC_023693.1	100.000	76	13	22	11	0	0	88	63	73	148612	115090	115080
182a_GB3LKKR01AM7C8	NC_023693.1	92.857	76	16	22	14	1	0	88	46	59	148612	135445	135458
182a_GB3LKKR01AM7C8	NC_024711.1	100.000	43	14	24	12	0	0	88	34	45	97065	72186	72175
182a_GB3LKKR01AM7C8	NC_024711.1	100.000	43	14	24	12	0	0	88	63	74	97065	86855	86844
182a_GB3LKKR01AM7C8	NC_024711.1	92.857	43	16	22	14	1	0	88	18	31	97065	29579	29566
182a_GB3LKKR02IRLPC	NC_023693.1	100.000	10	9	26	13	0	0	142	85	97	148612	11332	11320
182a_GB3LKKR02IRLPC	NC_023693.1	100.000	10	9	26	13	0	0	142	86	98	148612	110628	110640
182a_GB3LKKR02IRLPC	NC_024711.1	100.000	29	9	26	13	0	0	142	114	126	97065	42903	42915
182a_GB3LKKR02IRLPC	NC_024711.1	100.000	29	8	24	12	0	0	142	27	38	97065	4533	4544
182a_GB3LKKR02IRLPC	NC_024711.1	100.000	29	8	24	12	0	0	142	86	97	97065	9616	9605
182a_GB3LKKR02IRLPC	NC_024711.1	100.000	29	8	24	12	0	0	142	119	130	97065	76265	76254
182a_contig08842	NC_023693.1	94.118	18	8	28	17	1	0	223	82	98	148612	110624	110640
182a_contig08842	NC_023693.1	100.000	18	6	26	13	0	0	223	85	97	148612	11332	11320
182a_contig08842	NC_023693.1	85.000	18	9	24	20	3	0	223	19	38	148612	62719	62738
182a_contig08842	NC_023693.1	100.000	18	5	24	12	0	0	223	30	41	148612	71608	71597
182a_contig08842	NC_024711.1	100.000	16	5	24	12	0	0	223	86	97	97065	9616	9605
182a_contig08842	NC_024711.1	100.000	16	5	24	12	0	0	223	35	46	97065	72186	72175
182a_contig08842	NC_024711.1	100.000	16	5	24	12	0	0	223	64	75	97065	86855	86844
182a_GB3LKKR02H8NEG	NC_023693.1	86.957	20	6	30	23	3	0	364	118	140	148612	42164	42142
182a_GB3LKKR02H8NEG	NC_023693.1	100.000	20	4	28	14	0	0	364	179	192	148612	22317	22330
182a_GB3LKKR02H8NEG	NC_023693.1	93.750	20	4	26	16	1	0	364	266	281	148612	19831	19816
182a_GB3LKKR02H8NEG	NC_023693.1	88.889	20	5	26	18	2	0	364	240	257	148612	137087	137070
182a_GB3LKKR02H8NEG	NC_024711.1	76.923	21	10	28	39	8	1	364	234	271	97065	19979	20017
182a_GB3LKKR02H8NEG	NC_024711.1	100.000	21	4	26	13	0	0	364	27	39	97065	4533	4545
182a_GB3LKKR02H8NEG	NC_024711.1	82.609	21	6	26	23	4	0	364	20	42	97065	31082	31104
182a_GB3LKKR02H8NEG	NC_024711.1	93.750	21	4	26	16	1	0	364	298	313	97065	37074	37089
182a_GB3LKKR01EC368	NC_023693.1	86.957	29	6	30	23	3	0	365	117	139	148612	42164	42142
182a_GB3LKKR01EC368	NC_023693.1	93.750	29	4	26	16	1	0	365	265	280	148612	19831	19816
182a_GB3LKKR01EC368	NC_023693.1	85.714	29	6	26	21	3	0	365	302	322	148612	46818	46798
182a_GB3LKKR01EC368	NC_023693.1	85.714	29	6	26	21	3	0	365	2	22	148612	94702	94722
182a_GB3LKKR01EC368	NC_023693.1	100.000	29	4	26	13	0	0	365	276	288	148612	117186	117198
182a_GB3LKKR01EC368	NC_023693.1	88.889	29	5	26	18	2	0	365	239	256	148612	137087	137070
182a_GB3LKKR01EC368	NC_024711.1	76.923	25	10	28	39	8	1	365	233	270	97065	19979	20017
182a_GB3LKKR01EC368	NC_024711.1	80.000	25	8	28	30	3	1	365	298	327	97065	37074	37100
182a_GB3LKKR01EC368	NC_024711.1	100.000	25	4	26	13	0	0	365	27	39	97065	4533	4545
182a_GB3LKKR01EC368	NC_024711.1	82.609	25	6	26	23	4	0	365	20	42	97065	31082	31104
182a_contig04034	NC_023693.1	100.000	17	4	30	15	0	0	367	118	132	148612	42164	42150
182a_contig04034	NC_023693.1	89.474	17	5	28	19	2	0	367	108	126	148612	62615	62597
182a_contig04034	NC_023693.1	100.000	17	4	26	13	0	0	367	271	283	148612	49379	49391
182a_contig04034	NC_023693.1	100.000	17	4	26	13	0	0	367	19	31	148612	80174	80186
182a_contig04034	NC_023693.1	93.750	17	4	26	16	1	0	367	27	42	148612	111644	111629
182a_contig04034	NC_024711.1	86.364	16	6	28	22	3	0	367	233	254	97065	9285	9306
182a_contig04034	NC_024711.1	86.364	16	6	28	22	3	0	367	35	56	97065	72186	72165
182a_contig04034	NC_024711.1	100.000	16	4	26	13	0	0	367	113	125	97065	42902	42914
1423_DBA-SLE_c4340	NC_024711.1	100.000	41	7	26	13	0	0	188	101	113	97065	88637	88625
1423_DBA-SLE_c4340	NC_024711.1	100.000	41	6	24	12	0	0	188	103	114	97065	14869	14880
1423_DBA-SLE_c4340	NC_024711.1	100.000	41	6	24	12	0	0	188	134	145	97065	28819	28808
1423_DBA-SLE_c4340	NC_024711.1	85.000	41	11	24	20	3	0	188	18	37	97065	39471	39452
1423_DBA-SLE_c4340	NC_024711.1	100.000	41	6	24	12	0	0	188	47	58	97065	41625	41614
1423_DBA-SLE_c4340	NC_024711.1	93.333	41	8	24	15	1	0	188	124	138	97065	52149	52163
1423_DBA-SLE_c4340	NC_024711.1	94.118	41	9	24	17	0	1	188	39	55	97065	68105	68120
1423_DBA-SLE_c4340	NC_024711.1	93.333	41	8	24	15	1	0	188	122	136	97065	89741	89727
1423_DBA-SLE_c4340	NC_023693.1	100.000	29	6	24	12	0	0	188	143	154	148612	66285	66296
1423_DBA-SLE_c4340	NC_023693.1	93.333	29	8	24	15	1	0	188	103	117	148612	75372	75386
1423_DBA-SLE_c4340	NC_023693.1	100.000	29	6	24	12	0	0	188	128	139	148612	84172	84161
1423_DBA-SLE_c4340	NC_023693.1	93.333	29	8	24	15	1	0	188	87	101	148612	95525	95511
1423_FTSPZO101BASEK	NC_024711.1	100.000	41	7	26	13	0	0	188	101	113	97065	88637	88625
1423_FTSPZO101BASEK	NC_024711.1	100.000	41	6	24	12	0	0	188	103	114	97065	14869	14880
1423_FTSPZO101BASEK	NC_024711.1	100.000	41	6	24	12	0	0	188	134	145	97065	28819	28808
1423_FTSPZO101BASEK	NC_024711.1	85.000	41	11	24	20	3	0	188	18	37	97065	39471	39452
1423_FTSPZO101BASEK	NC_024711.1	100.000	41	6	24	12	0	0	188	47	58	97065	41625	41614
1423_FTSPZO101BASEK	NC_024711.1	93.333	41	8	24	15	1	0	188	124	138	97065	52149	52163
1423_FTSPZO101BASEK	NC_024711.1	94.118	41	9	24	17	0	1	188	39	55	97065	68105	68120
1423_FTSPZO101BASEK	NC_024711.1	93.333	41	8	24	15	1	0	188	122	136	97065	89741	89727
1423_FTSPZO101BASEK	NC_023693.1	100.000	29	6	24	12	0	0	188	143	154	148612	66285	66296
1423_FTSPZO101BASEK	NC_023693.1	93.333	29	8	24	15	1	0	188	103	117	148612	75372	75386
1423_FTSPZO101BASEK	NC_023693.1	100.000	29	6	24	12	0	0	188	128	139	148612	84172	84161
1423_FTSPZO101BASEK	NC_023693.1	93.333	29	8	24	15	1	0	188	87	101	148612	95525	95511
1423_DBA-SLE_c13402	NC_023693.1	89.474	36	10	28	19	2	0	183	135	153	148612	34767	34785
1423_DBA-SLE_c13402	NC_023693.1	100.000	36	7	24	12	0	0	183	43	54	148612	79192	79203
1423_DBA-SLE_c13402	NC_023693.1	100.000	36	7	24	12	0	0	183	128	139	148612	84172	84161
1423_DBA-SLE_c13402	NC_023693.1	93.333	36	8	24	15	1	0	183	87	101	148612	95525	95511
1423_DBA-SLE_c13402	NC_023693.1	100.000	36	7	24	12	0	0	183	42	53	148612	125128	125117
1423_DBA-SLE_c13402	NC_023693.1	100.000	36	7	24	12	0	0	183	24	35	148612	132866	132877
1423_DBA-SLE_c13402	NC_024711.1	90.000	40	11	26	20	1	1	183	10	29	97065	66600	66582
1423_DBA-SLE_c13402	NC_024711.1	100.000	40	7	26	13	0	0	183	101	113	97065	88637	88625
1423_DBA-SLE_c13402	NC_024711.1	93.333	40	8	24	15	1	0	183	75	89	97065	5477	5491
1423_DBA-SLE_c13402	NC_024711.1	100.000	40	7	24	12	0	0	183	134	145	97065	33383	33372
1423_DBA-SLE_c13402	NC_024711.1	100.000	40	7	24	12	0	0	183	103	114	97065	35338	35327
1423_DBA-SLE_c13402	NC_024711.1	100.000	40	7	24	12	0	0	183	168	179	97065	42737	42726
1423_FTSPZO101CIWNM	NC_024711.1	100.000	19	10	28	14	0	0	146	102	115	97065	6318	6331
1423_FTSPZO101CIWNM	NC_024711.1	82.759	19	19	28	29	4	1	146	92	119	97065	68591	68619
1423_FTSPZO101CIWNM	NC_024711.1	100.000	19	8	24	12	0	0	146	107	118	97065	57525	57514
1423_FTSPZO101CIWNM	NC_024711.1	93.333	19	10	24	15	1	0	146	96	110	97065	74113	74127
1423_FTSPZO101CIWNM	NC_024711.1	100.000	19	8	24	12	0	0	146	96	107	97065	91737	91748
1423_FTSPZO101CIWNM	NC_023693.1	94.444	20	12	26	18	0	1	146	102	118	148612	145148	145131
1423_FTSPZO101CIWNM	NC_023693.1	100.000	20	8	24	12	0	0	146	78	89	148612	64494	64505
1423_FTSPZO101CIWNM	NC_023693.1	100.000	20	8	24	12	0	0	146	104	115	148612	132845	132856
1423_FTSPZO101DPI37	NC_024711.1	100.000	22	10	26	13	0	0	130	50	62	97065	88637	88625
1423_FTSPZO101DPI37	NC_024711.1	93.333	22	12	24	15	1	0	130	24	38	97065	5477	5491
1423_FTSPZO101DPI37	NC_024711.1	100.000	22	9	24	12	0	0	130	52	63	97065	14869	14880
1423_FTSPZO101DPI37	NC_023693.1	93.333	32	12	24	15	1	0	130	52	66	148612	75372	75386
1423_FTSPZO101DPI37	NC_023693.1	100.000	32	9	24	12	0	0	130	77	88	148612	84172	84161
1423_FTSPZO101DPI37	NC_023693.1	93.333	32	12	24	15	1	0	130	36	50	148612	95525	95511
1057_FTSPZO101CXZAB	NC_023693.1	83.333	26	11	30	30	4	1	265	29	58	148612	58336	58364
1057_FTSPZO101CXZAB	NC_023693.1	90.476	26	7	28	21	0	1	265	33	51	148612	65519	65539
1057_FTSPZO101CXZAB	NC_023693.1	100.000	26	5	24	12	0	0	265	239	250	148612	54545	54534
1057_FTSPZO101CXZAB	NC_023693.1	100.000	26	5	24	12	0	0	265	229	240	148612	116408	116419
1057_FTSPZO101CXZAB	NC_023693.1	100.000	26	5	24	12	0	0	265	33	44	148612	123329	123340
1057_FTSPZO101CXZAB	NC_023693.1	88.235	26	6	24	17	2	0	265	83	99	148612	141305	141321
1057_FTSPZO101CXZAB	NC_024711.1	88.889	31	7	26	18	2	0	265	83	100	97065	6916	6933
1057_FTSPZO101CXZAB	NC_024711.1	100.000	31	5	26	13	0	0	265	235	247	97065	14189	14201
1057_FTSPZO101CXZAB	NC_024711.1	100.000	31	5	24	12	0	0	265	226	237	97065	6409	6398
1057_FTSPZO101CXZAB	NC_024711.1	100.000	31	5	24	12	0	0	265	253	264	97065	82052	82041
1057_FTSPZO101CXZAB	NC_024711.1	100.000	31	5	24	12	0	0	265	16	27	97065	84143	84132
1057_FTSPZO101CXZAB	NC_024711.1	100.000	31	5	24	12	0	0	265	88	99	97065	91117	91106
1057_FTSPZO101CXZAB	NC_024711.1	100.000	31	5	24	12	0	0	265	254	265	97065	93244	93233
1057_FTSPZO101CXZAB	NC_024711.1	88.235	31	6	24	17	2	0	265	196	212	97065	96327	96343
1057_FTSPZO101C1IV6	NC_023693.1	100.000	21	5	28	14	0	0	308	282	295	148612	69927	69940
1057_FTSPZO101C1IV6	NC_023693.1	93.750	21	5	26	16	1	0	308	25	40	148612	104039	104054
1057_FTSPZO101C1IV6	NC_023693.1	100.000	21	4	24	12	0	0	308	129	140	148612	11987	11998
1057_FTSPZO101C1IV6	NC_023693.1	100.000	21	4	24	12	0	0	308	230	241	148612	54545	54534
1057_FTSPZO101C1IV6	NC_023693.1	100.000	21	4	24	12	0	0	308	220	231	148612	116408	116419
1057_FTSPZO101C1IV6	NC_024711.1	89.474	23	6	28	19	2	0	308	281	299	97065	17067	17049
1057_FTSPZO101C1IV6	NC_024711.1	100.000	23	5	28	14	0	0	308	245	258	97065	93244	93231
1057_FTSPZO101C1IV6	NC_024711.1	100.000	23	4	26	13	0	0	308	226	238	97065	14189	14201
1057_FTSPZO101C1IV6	NC_024711.1	100.000	23	4	24	12	0	0	308	280	291	97065	3574	3585
1057_FTSPZO101C1IV6	NC_024711.1	100.000	23	4	24	12	0	0	308	217	228	97065	6409	6398
1057_FTSPZO101C1IV6	NC_024711.1	88.235	23	6	24	17	2	0	308	286	302	97065	34171	34155
1057_FTSPZO101C1IV6	NC_024711.1	100.000	23	4	24	12	0	0	308	282	293	97065	43248	43259
1057_FTSPZO101C1IV6	NC_024711.1	100.000	23	4	24	12	0	0	308	244	255	97065	82052	82041
1057_FTSPZO101C1IV6	NC_024711.1	93.333	23	5	24	15	1	0	308	269	283	97065	84461	84475
1057_FTSPZO101BQG61	NC_024711.1	100.000	28	5	30	15	0	0	318	226	240	97065	6409	6395
1057_FTSPZO101BQG61	NC_024711.1	100.000	28	4	26	13	0	0	318	254	266	97065	93244	93232
1057_FTSPZO101BQG61	NC_024711.1	93.333	28	5	24	15	1	0	318	199	213	97065	186	172
1057_FTSPZO101BQG61	NC_024711.1	100.000	28	4	24	12	0	0	318	55	66	97065	13099	13110
1057_FTSPZO101BQG61	NC_024711.1	94.118	28	5	24	17	0	1	318	228	243	97065	74668	74652
1057_FTSPZO101BQG61	NC_024711.1	100.000	28	4	24	12	0	0	318	162	173	97065	76795	76784
1057_FTSPZO101BQG61	NC_024711.1	100.000	28	4	24	12	0	0	318	253	264	97065	82052	82041
1057_FTSPZO101BQG61	NC_024711.1	100.000	28	4	24	12	0	0	318	262	273	97065	85309	85320
1057_FTSPZO101BQG61	NC_024711.1	100.000	28	4	24	12	0	0	318	181	192	97065	92082	92093
1057_FTSPZO101BQG61	NC_023693.1	88.889	28	6	26	18	2	0	318	62	79	148612	7463	7480
1057_FTSPZO101BQG61	NC_023693.1	86.957	28	7	26	23	2	1	318	58	79	148612	126981	126959
1057_FTSPZO101BQG61	NC_023693.1	100.000	28	4	24	12	0	0	318	294	305	148612	9264	9275
1057_FTSPZO101BQG61	NC_023693.1	100.000	28	4	24	12	0	0	318	115	126	148612	11998	12009
1057_FTSPZO101BQG61	NC_023693.1	94.118	28	5	24	17	0	1	318	48	63	148612	18673	18657
1057_FTSPZO101BQG61	NC_023693.1	93.333	28	5	24	15	1	0	318	120	134	148612	78455	78469
1057_FTSPZO101BQG61	NC_023693.1	100.000	28	4	24	12	0	0	318	262	273	148612	116329	116318
1057_FTSPZO101BQG61	NC_023693.1	100.000	28	4	24	12	0	0	318	175	186	148612	124752	124741
1057_FTSPZO101D4HEW	NC_023693.1	94.118	22	8	28	17	1	0	224	29	45	148612	58336	58352
1057_FTSPZO101D4HEW	NC_023693.1	90.476	22	8	28	21	0	1	224	33	51	148612	65519	65539
1057_FTSPZO101D4HEW	NC_023693.1	100.000	22	5	24	12	0	0	224	79	90	148612	87680	87691
1057_FTSPZO101D4HEW	NC_023693.1	100.000	22	5	24	12	0	0	224	33	44	148612	123329	123340
1057_FTSPZO101D4HEW	NC_023693.1	93.333	22	7	24	15	1	0	224	58	72	148612	126981	126967
1057_FTSPZO101D4HEW	NC_024711.1	100.000	5	5	24	12	0	0	224	55	66	97065	13099	13110
1057_FS22EC101BJEV2	NC_023693.1	100.000	15	4	28	14	0	0	317	291	304	148612	69927	69940
1057_FS22EC101BJEV2	NC_023693.1	88.889	15	6	26	18	2	0	317	62	79	148612	7463	7480
1057_FS22EC101BJEV2	NC_023693.1	100.000	15	4	26	13	0	0	317	163	175	148612	104022	104010
1057_FS22EC101BJEV2	NC_023693.1	86.957	15	7	26	23	2	1	317	58	79	148612	126981	126959
1057_FS22EC101BJEV2	NC_024711.1	94.737	32	6	28	19	0	1	317	48	66	97065	13093	13110
1057_FS22EC101BJEV2	NC_024711.1	89.474	32	6	28	19	2	0	317	290	308	97065	17067	17049
1057_FS22EC101BJEV2	NC_024711.1	100.000	32	4	28	14	0	0	317	254	267	97065	93244	93231
1057_FS22EC101BJEV2	NC_024711.1	100.000	32	4	24	12	0	0	317	289	300	97065	3574	3585
1057_FS22EC101BJEV2	NC_024711.1	93.333	32	5	24	15	1	0	317	226	240	97065	6409	6395
1057_FS22EC101BJEV2	NC_024711.1	93.333	32	5	24	15	1	0	317	200	214	97065	33388	33374
1057_FS22EC101BJEV2	NC_024711.1	88.235	32	5	24	17	2	0	317	295	311	97065	34171	34155
1057_FS22EC101BJEV2	NC_024711.1	100.000	32	4	24	12	0	0	317	291	302	97065	43248	43259
1057_FS22EC101BJEV2	NC_024711.1	100.000	32	4	24	12	0	0	317	253	264	97065	82052	82041
1057_FS22EC101BJEV2	NC_024711.1	93.333	32	5	24	15	1	0	317	278	292	97065	84461	84475
1057_FS22EC101BJEV2	NC_024711.1	93.333	32	5	24	15	1	0	317	205	219	97065	89143	89129
1057_FSTRRC101DG34E	NC_024711.1	100.000	39	15	28	14	0	0	94	32	45	97065	93244	93231
1057_FSTRRC101DG34E	NC_024711.1	93.333	39	16	24	15	1	0	94	4	18	97065	6409	6395
1057_FSTRRC101DG34E	NC_024711.1	100.000	39	13	24	12	0	0	94	31	42	97065	82052	82041
1057_FSTRRC101DG34E	NC_024711.1	100.000	39	12	22	11	0	0	94	5	15	97065	3323	3313
1057_FSTRRC101DG34E	NC_024711.1	100.000	39	12	22	11	0	0	94	32	42	97065	36805	36795
1057_FSTRRC101DG34E	NC_024711.1	92.857	39	15	22	14	1	0	94	36	49	97065	58392	58405
1057_FSTRRC101DG34E	NC_024711.1	100.000	39	12	22	11	0	0	94	1	11	97065	87465	87455
1057_FSTRRC101DG34E	NC_023693.1	88.235	27	18	24	17	2	0	94	49	65	148612	16970	16954
1057_FSTRRC101DG34E	NC_023693.1	100.000	27	12	22	11	0	0	94	46	56	148612	34342	34352
1057_FSTRRC101DG34E	NC_023693.1	100.000	27	12	22	11	0	0	94	42	52	148612	117142	117152
1057_FSTRRC101DG34E	NC_023693.1	100.000	27	12	22	11	0	0	94	41	51	148612	137051	137041
1057_FTSPZO101A9YRG	NC_024711.1	100.000	42	13	28	14	0	0	105	41	54	97065	93244	93231
1057_FTSPZO101A9YRG	NC_024711.1	80.000	42	24	24	25	5	0	105	75	99	97065	34179	34155
1057_FTSPZO101A9YRG	NC_024711.1	100.000	42	11	24	12	0	0	105	40	51	97065	82052	82041
1057_FTSPZO101A9YRG	NC_024711.1	100.000	42	10	22	11	0	0	105	41	51	97065	36805	36795
1057_FTSPZO101A9YRG	NC_024711.1	92.857	42	13	22	14	1	0	105	45	58	97065	58392	58405
1057_FTSPZO101A9YRG	NC_023693.1	100.000	21	10	22	11	0	0	105	64	74	148612	16964	16954
1057_FTSPZO101A9YRG	NC_023693.1	100.000	21	10	22	11	0	0	105	48	58	148612	34725	34715
1057_FS22EC101BSKRG	NC_024711.1	100.000	43	12	30	15	0	0	127	35	49	97065	6409	6395
1057_FS22EC101BSKRG	NC_024711.1	100.000	43	10	26	13	0	0	127	63	75	97065	93244	93232
1057_FS22EC101BSKRG	NC_024711.1	93.333	43	12	24	15	1	0	127	8	22	97065	186	172
1057_FS22EC101BSKRG	NC_024711.1	94.118	43	13	24	17	0	1	127	37	52	97065	74668	74652
1057_FS22EC101BSKRG	NC_024711.1	100.000	43	9	24	12	0	0	127	62	73	97065	82052	82041
1057_FS22EC101BSKRG	NC_024711.1	100.000	43	9	24	12	0	0	127	71	82	97065	85309	85320
1057_FS22EC101BSKRG	NC_023693.1	100.000	19	9	24	12	0	0	127	103	114	148612	9264	9275
1057_FS22EC101BSKRG	NC_023693.1	100.000	19	9	24	12	0	0	127	71	82	148612	116329	116318
