,query_id,subject_id,pct_id,ali_len,mism,gap_open,q_start,q_end,s_start,s_end,e_value,bitscore,q_len,s_len,s_gi,s_taxids,s_scinames,s_names,q_cov,s_description,tool,db,q_id,orf_len,q_cds_start,q_cds_end,strand,q_cov_calc
10,d9539_asm_v1.2_5,MH0409_GL0061975,91.379,58,5,0,1,58,29,86,1.22e-31,113.0,58,86,0,,,,100,MH0409_GL0061975  [gene]  locus=scaffold117357_3:177:437:+ [Complete] codon-table.11,blastp,metahit_2014_pep,d9539_asm_v1.2_5,58.0,215,388,+,100.0
11,d9539_asm_v1.2_5,675950834-stool1_revised_C814893_1_gene71376,89.655,58,6,0,1,58,1,58,1.9699999999999998e-31,112.0,58,58,0,,,,100,675950834-stool1_revised_C814893_1_gene71376 strand:+  start:1717 stop:1893 length:177 start_codon:yes stop_codon:yes gene_type:complete [Complete] codon-table.11,blastp,metahit_2014_pep,d9539_asm_v1.2_5,58.0,215,388,+,100.0
12,d9539_asm_v1.2_5,MH0105_GL0047475,89.655,58,6,0,1,58,29,86,2.88e-31,112.0,58,86,0,,,,100,MH0105_GL0047475  [gene]  locus=scaffold1014_1:698:958:+ [Complete] codon-table.11,blastp,metahit_2014_pep,d9539_asm_v1.2_5,58.0,215,388,+,100.0
13,d9539_asm_v1.2_5,MH0203_GL0004312,89.655,58,6,0,1,58,29,86,3.25e-31,112.0,58,86,0,,,,100,MH0203_GL0004312  [gene]  locus=C2075218_1:1531:1791:+ [Complete] codon-table.11,blastp,metahit_2014_pep,d9539_asm_v1.2_5,58.0,215,388,+,100.0
14,d9539_asm_v1.2_5,MH0033_GL0005948,89.655,58,6,0,1,58,29,86,4.35e-31,112.0,58,86,0,,,,100,MH0033_GL0005948  [gene]  locus=scaffold47970_1:5460:5720:+ [Complete] codon-table.11,blastp,metahit_2014_pep,d9539_asm_v1.2_5,58.0,215,388,+,100.0
15,d9539_asm_v1.2_5,V1.UC58-0_GL0088247,89.655,58,6,0,1,58,1,58,1.63e-30,109.0,58,58,0,,,,100,V1.UC58-0_GL0088247  [gene]  locus=C1432657_1:4818:4994:- [Complete] codon-table.11,blastp,metahit_2014_pep,d9539_asm_v1.2_5,58.0,215,388,+,100.0
16,d9539_asm_v1.2_5,159166850-stool1_revised_C1063521_1_gene104933,89.655,58,6,0,1,58,1,58,1.8599999999999997e-30,109.0,58,58,0,,,,100,159166850-stool1_revised_C1063521_1_gene104933 strand:+  start:4123 stop:4299 length:177 start_codon:yes stop_codon:yes gene_type:complete [Complete] codon-table.11,blastp,metahit_2014_pep,d9539_asm_v1.2_5,58.0,215,388,+,100.0
17,d9539_asm_v1.2_5,MH0390_GL0216351,87.931,58,7,0,1,58,29,86,3.1199999999999998e-30,109.0,58,86,0,,,,100,MH0390_GL0216351  [gene]  locus=scaffold140355_1:1446:1706:+ [Complete] codon-table.11,blastp,metahit_2014_pep,d9539_asm_v1.2_5,58.0,215,388,+,100.0
18,d9539_asm_v1.2_5,MH0173_GL0080584,87.931,58,7,0,1,58,29,86,1.23e-29,108.0,58,86,0,,,,100,MH0173_GL0080584  [gene]  locus=scaffold46377_3:370:630:- [Complete] codon-table.11,blastp,metahit_2014_pep,d9539_asm_v1.2_5,58.0,215,388,+,100.0
19,d9539_asm_v1.2_5,MH0379_GL0138311,86.20700000000002,58,8,0,1,58,1,58,4.6e-29,105.0,58,58,0,,,,100,MH0379_GL0138311  [gene]  locus=C1279931_1:5628:5804:- [Lack 5'-end] codon-table.11,blastp,metahit_2014_pep,d9539_asm_v1.2_5,58.0,215,388,+,100.0
20,d9539_asm_v1.2_5,gi|820946546|emb|CFW92840.1|,36.364,33,21,0,2,34,143,175,2.1,35.0,58,176,820946546,1609546,,,57,protein of unknown function [endosymbiont DhMRE of Dentiscutata heterogama],blastp,nr,d9539_asm_v1.2_5,58.0,215,388,+,56.89655172413793
21,d9539_asm_v1.2_5,gi|140773177|gb|ECN40753.1|,30.508000000000006,59,32,2,1,51,124,181,2.2,31.2,58,206,140773177,408172.0,,,88,"hypothetical protein GOS_6058719, partial [marine metagenome]",blastp,env_nr,d9539_asm_v1.2_5,58.0,215,388,+,87.93103448275862
22,d9539_asm_v1.2_5,gi|139039289|gb|ECC98867.1|,34.884,43,20,1,1,35,129,171,2.6,30.8,58,174,139039289,408172.0,,,60,"hypothetical protein GOS_5221334, partial [marine metagenome]",blastp,env_nr,d9539_asm_v1.2_5,58.0,215,388,+,60.3448275862069
23,d9539_asm_v1.2_5,HMPREF0400_00248,46.154,26,14,0,9,34,2,27,7.0,30.4,58,248,0,,,,45,HMPREF0400_00248 hypothetical protein [Fusobacterium periodonticum 1_1_41FAA],blastp,hmp_pep,d9539_asm_v1.2_5,58.0,215,388,+,44.827586206896555
24,d9539_asm_v1.2_5,HMPREF9136_2685,38.636,44,24,1,4,47,2,42,2.3,30.0,58,47,0,,,,76,HMPREF9136_2685 hypothetical protein [Prevotella dentalis DSM 3688],blastp,hmp_pep,d9539_asm_v1.2_5,58.0,215,388,+,75.86206896551724
25,d9539_asm_v1.2_5,HMPREF9136_2685,38.636,44,24,1,4,47,2,42,2.3,30.0,58,47,0,,,,76,HMPREF9136_2685 hypothetical protein [Prevotella dentalis DSM 3688],blastp,hmp_pep,d9539_asm_v1.2_5,58.0,215,388,+,75.86206896551724
26,d9539_asm_v1.2_5,gi|135943891|gb|EBK87411.1|,28.814,59,33,2,1,51,124,181,6.8,29.6,58,193,135943891,408172.0,,,88,"hypothetical protein GOS_8661086, partial [marine metagenome]",blastp,env_nr,d9539_asm_v1.2_5,58.0,215,388,+,87.93103448275862
27,d9539_asm_v1.2_5,gi|143562029|gb|EDF64666.1|,28.814,59,33,2,1,51,90,147,7.4,29.6,58,216,143562029,408172.0,,,88,"hypothetical protein GOS_918582, partial [marine metagenome]",blastp,env_nr,d9539_asm_v1.2_5,58.0,215,388,+,87.93103448275862
28,d9539_asm_v1.2_5,gi|142320169|gb|ECX23253.1|,28.814,59,33,2,1,51,124,181,7.6,29.6,58,250,142320169,408172.0,,,88,hypothetical protein GOS_2575347 [marine metagenome],blastp,env_nr,d9539_asm_v1.2_5,58.0,215,388,+,87.93103448275862
29,d9539_asm_v1.2_5,gi|137437342|gb|EBU09701.1|,32.558,43,21,1,1,35,124,166,8.1,29.6,58,168,137437342,408172.0,,,60,"hypothetical protein GOS_7166990, partial [marine metagenome]",blastp,env_nr,d9539_asm_v1.2_5,58.0,215,388,+,60.3448275862069
30,d9539_asm_v1.2_5,gi|143443754|gb|EDE98895.1|,28.814,59,33,2,1,51,124,181,8.2,29.6,58,250,143443754,408172.0,,,88,hypothetical protein GOS_1034884 [marine metagenome],blastp,env_nr,d9539_asm_v1.2_5,58.0,215,388,+,87.93103448275862
124,d9539_asm_v1.2_30,MH0039_GL0018308,98.969,97,1,0,1,97,1,97,5.35e-61,190.0,97,98,0,,,,100,MH0039_GL0018308  [gene]  locus=scaffold66015_3:4614:4910:+ [Complete] codon-table.11,blastp,metahit_2014_pep,d9539_asm_v1.2_30,97.0,5374,5664,+,100.0
125,d9539_asm_v1.2_30,159166850-stool1_revised_C1063521_1_gene104932,97.938,97,2,0,1,97,1,97,8.55e-61,189.0,97,98,0,,,,100,159166850-stool1_revised_C1063521_1_gene104932 strand:+  start:3528 stop:3824 length:297 start_codon:yes stop_codon:yes gene_type:complete [Complete] codon-table.11,blastp,metahit_2014_pep,d9539_asm_v1.2_30,97.0,5374,5664,+,100.0
126,d9539_asm_v1.2_30,V1.CD45-0_GL0161170,97.938,97,2,0,1,97,1,97,2.52e-60,188.0,97,97,0,,,,100,V1.CD45-0_GL0161170  [gene]  locus=C1121074_1:4018:4311:- [Complete] codon-table.11,blastp,metahit_2014_pep,d9539_asm_v1.2_30,97.0,5374,5664,+,100.0
127,d9539_asm_v1.2_30,MH0195_GL0054241,96.907,97,3,0,1,97,1,97,9.53e-60,187.0,97,97,0,,,,100,MH0195_GL0054241  [gene]  locus=C1627992_1:3095:3388:- [Complete] codon-table.11,blastp,metahit_2014_pep,d9539_asm_v1.2_30,97.0,5374,5664,+,100.0
128,d9539_asm_v1.2_30,N022A_GL0072367,95.876,97,4,0,1,97,1,97,1.8899999999999996e-59,186.0,97,97,0,,,,100,N022A_GL0072367  [gene]  locus=C1078314_1:1436:1729:- [Complete] codon-table.11,blastp,metahit_2014_pep,d9539_asm_v1.2_30,97.0,5374,5664,+,100.0
129,d9539_asm_v1.2_30,MH0033_GL0005947,95.876,97,4,0,1,97,1,97,2.02e-59,186.0,97,97,0,,,,100,MH0033_GL0005947  [gene]  locus=scaffold47970_1:4951:5244:+ [Complete] codon-table.11,blastp,metahit_2014_pep,d9539_asm_v1.2_30,97.0,5374,5664,+,100.0
130,d9539_asm_v1.2_30,MH0100_GL0100929,95.876,97,4,0,1,97,1,97,2.33e-59,186.0,97,97,0,,,,100,MH0100_GL0100929  [gene]  locus=C1657075_1:381:674:- [Complete] codon-table.11,blastp,metahit_2014_pep,d9539_asm_v1.2_30,97.0,5374,5664,+,100.0
131,d9539_asm_v1.2_30,MH0454_GL0202592,95.876,97,4,0,1,97,1,97,3.0899999999999997e-59,185.0,97,97,0,,,,100,MH0454_GL0202592  [gene]  locus=C2164004_1:1235:1528:+ [Complete] codon-table.11,blastp,metahit_2014_pep,d9539_asm_v1.2_30,97.0,5374,5664,+,100.0
132,d9539_asm_v1.2_30,V1.CD49-0_GL0024253,94.845,97,5,0,1,97,1,97,4.94e-59,185.0,97,97,0,,,,100,V1.CD49-0_GL0024253  [gene]  locus=scaffold57460_1:2076:2369:- [Complete] codon-table.11,blastp,metahit_2014_pep,d9539_asm_v1.2_30,97.0,5374,5664,+,100.0
133,d9539_asm_v1.2_30,159227541-stool1_revised_scaffold12120_1_gene77399,95.876,97,4,0,1,97,1,97,5.75e-59,185.0,97,97,0,,,,100,159227541-stool1_revised_scaffold12120_1_gene77399 strand:-  start:3277 stop:3570 length:294 start_codon:yes stop_codon:yes gene_type:complete [Complete] codon-table.11,blastp,metahit_2014_pep,d9539_asm_v1.2_30,97.0,5374,5664,+,100.0
134,d9539_asm_v1.2_30,gi|746486776|ref|WP_039524472.1|,29.545,88,57,2,4,87,104,190,0.28,39.3,97,308,746486776,1577904,,,87,hypothetical protein [Ruegeria sp. ANG-S4],blastp,nr,d9539_asm_v1.2_30,97.0,5374,5664,+,86.5979381443299
135,d9539_asm_v1.2_30,gi|818162353|gb|KKP02290.1|,37.313,67,32,3,26,87,18,79,0.9,38.1,97,725,818162353,5544,,,64,"OPT family small oligopeptide transporter, partial [Trichoderma harzianum]",blastp,nr,d9539_asm_v1.2_30,97.0,5374,5664,+,63.91752577319588
136,d9539_asm_v1.2_30,gi|901669373|emb|CQB88797.1|,31.522,92,60,3,1,90,337,427,0.9,38.1,97,531,901669373,813,,,93,cysteinyl-tRNA synthetase [Chlamydia trachomatis],blastp,nr,d9539_asm_v1.2_30,97.0,5374,5664,+,92.78350515463917
137,d9539_asm_v1.2_30,gi|927421692|ref|XP_013956677.1|,37.313,67,32,3,26,87,18,79,1.3,37.7,97,794,927421692,413071,,,64,hypothetical protein TRIVIDRAFT_84034 [Trichoderma virens Gv29-8],blastp,nr,d9539_asm_v1.2_30,97.0,5374,5664,+,63.91752577319588
138,d9539_asm_v1.2_30,gi|308466971|ref|XP_003095736.1|,39.655,58,30,3,1,54,59,115,3.3,36.2,97,502,308466971,31234,,,56,hypothetical protein CRE_10575 [Caenorhabditis remanei],blastp,nr,d9539_asm_v1.2_30,97.0,5374,5664,+,55.670103092783506
139,d9539_asm_v1.2_30,gi|849275312|dbj|GAO82231.1|,33.962,53,35,0,37,89,811,863,4.0,36.2,97,968,849275312,91492,,,55,"histone-lysine N-methyltransferase, H3 lysine-36 specific [Neosartorya udagawae]",blastp,nr,d9539_asm_v1.2_30,97.0,5374,5664,+,54.63917525773196
140,d9539_asm_v1.2_30,gi|1001852608|gb|AMM19841.1|,38.0,50,29,2,14,62,402,450,8.5,35.0,97,502,1001852608,1795630,,,51,potassium transporter [Frondihabitans sp. PAMC 28766],blastp,nr,d9539_asm_v1.2_30,97.0,5374,5664,+,50.51546391752577
141,d9539_asm_v1.2_30,HMPREF9435_0912,29.348000000000006,92,62,3,1,90,337,427,1.0,34.3,97,529,0,,,,93,HMPREF9435_0912 cysteine--tRNA ligase [Gardnerella vaginalis 315-A],blastp,hmp_pep,d9539_asm_v1.2_30,97.0,5374,5664,+,92.78350515463917
142,d9539_asm_v1.2_30,gi|134997645|gb|EBE82446.1|,43.478,46,25,1,13,57,44,89,1.4,33.1,97,249,134997645,408172.0,,,46,"hypothetical protein GOS_9698718, partial [marine metagenome]",blastp,env_nr,d9539_asm_v1.2_30,97.0,5374,5664,+,46.391752577319586
143,d9539_asm_v1.2_30,gi|135862890|gb|EBK31795.1|,38.806,67,39,2,5,70,1,66,2.4,32.3,97,281,135862890,408172.0,,,68,"hypothetical protein GOS_8752625, partial [marine metagenome]",blastp,env_nr,d9539_asm_v1.2_30,97.0,5374,5664,+,68.04123711340206
144,d9539_asm_v1.2_30,gi|138261585|gb|EBY64726.1|,30.38,79,42,2,30,97,29,105,2.4,32.0,97,112,138261585,408172.0,,,70,"hypothetical protein GOS_5001968, partial [marine metagenome]",blastp,env_nr,d9539_asm_v1.2_30,97.0,5374,5664,+,70.10309278350516
145,d9539_asm_v1.2_30,gi|143656643|gb|EDG10855.1|,32.692,52,34,1,5,55,98,149,6.0,31.2,97,273,143656643,408172.0,,,53,"hypothetical protein GOS_839016, partial [marine metagenome]",blastp,env_nr,d9539_asm_v1.2_30,97.0,5374,5664,+,52.577319587628864
146,d9539_asm_v1.2_30,HMPREF1144_3139,30.508000000000006,59,40,1,20,78,88,145,9.1,31.2,97,445,0,,,,61,"HMPREF1144_3139 type VI secretion protein, VC_A0114 family [Klebsiella sp. OBRC7]",blastp,hmp_pep,d9539_asm_v1.2_30,97.0,5374,5664,+,60.824742268041234
147,d9539_asm_v1.2_3,MH0203_GL0004312,90.323,31,3,0,1,31,1,31,1.4500000000000002e-10,57.8,36,86,0,,,,86,MH0203_GL0004312  [gene]  locus=C2075218_1:1531:1791:+ [Complete] codon-table.11,blastp,metahit_2014_pep,d9539_asm_v1.2_3,36.0,130,237,+,86.11111111111111
148,d9539_asm_v1.2_3,MH0033_GL0005948,90.323,31,3,0,1,31,1,31,1.4699999999999998e-10,57.8,36,86,0,,,,86,MH0033_GL0005948  [gene]  locus=scaffold47970_1:5460:5720:+ [Complete] codon-table.11,blastp,metahit_2014_pep,d9539_asm_v1.2_3,36.0,130,237,+,86.11111111111111
149,d9539_asm_v1.2_3,MH0350_GL0030508,90.323,31,3,0,1,31,1,31,2.37e-10,57.4,36,86,0,,,,86,MH0350_GL0030508  [gene]  locus=C1242055_1:4180:4440:- [Complete] codon-table.11,blastp,metahit_2014_pep,d9539_asm_v1.2_3,36.0,130,237,+,86.11111111111111
150,d9539_asm_v1.2_3,MH0173_GL0080584,100.0,27,0,0,1,27,1,27,2.58e-10,57.4,36,86,0,,,,75,MH0173_GL0080584  [gene]  locus=scaffold46377_3:370:630:- [Complete] codon-table.11,blastp,metahit_2014_pep,d9539_asm_v1.2_3,36.0,130,237,+,75.0
151,d9539_asm_v1.2_3,MH0148_GL0013503,87.09700000000002,31,4,0,1,31,36,66,9.68e-10,56.2,36,121,0,,,,86,MH0148_GL0013503  [gene]  locus=scaffold78322_1:2441:2806:+ [Complete] codon-table.11,blastp,metahit_2014_pep,d9539_asm_v1.2_3,36.0,130,237,+,86.11111111111111
152,d9539_asm_v1.2_3,MH0105_GL0047475,83.87100000000002,31,5,0,1,31,1,31,3.8e-09,54.3,36,86,0,,,,86,MH0105_GL0047475  [gene]  locus=scaffold1014_1:698:958:+ [Complete] codon-table.11,blastp,metahit_2014_pep,d9539_asm_v1.2_3,36.0,130,237,+,86.11111111111111
153,d9539_asm_v1.2_3,MH0409_GL0061975,80.645,31,6,0,1,31,1,31,2.3e-08,52.0,36,86,0,,,,86,MH0409_GL0061975  [gene]  locus=scaffold117357_3:177:437:+ [Complete] codon-table.11,blastp,metahit_2014_pep,d9539_asm_v1.2_3,36.0,130,237,+,86.11111111111111
154,d9539_asm_v1.2_3,MH0390_GL0216351,74.194,31,8,0,1,31,1,31,2.57e-07,49.3,36,86,0,,,,86,MH0390_GL0216351  [gene]  locus=scaffold140355_1:1446:1706:+ [Complete] codon-table.11,blastp,metahit_2014_pep,d9539_asm_v1.2_3,36.0,130,237,+,86.11111111111111
155,d9539_asm_v1.2_3,V1.UC17-2_GL0060614,41.667,24,14,0,5,28,447,470,5.0,30.8,36,758,0,,,,67,V1.UC17-2_GL0060614  [gene]  locus=scaffold52190_3:3:2276:- [Lack 3'-end] codon-table.11,blastp,metahit_2014_pep,d9539_asm_v1.2_3,36.0,130,237,+,66.66666666666667
156,d9539_asm_v1.2_3,T2D-45A_GL0103682,43.75,32,18,0,4,35,70,101,5.7,30.0,36,220,0,,,,89,T2D-45A_GL0103682  [gene]  locus=C892818_1:1:660:+ [Lack both ends] codon-table.11,blastp,metahit_2014_pep,d9539_asm_v1.2_3,36.0,130,237,+,88.88888888888889
157,d9539_asm_v1.2_29,MH0413_GL0135536,93.354,647,43,0,1,647,1,647,0.0,1255.0,647,647,0,,,,100,MH0413_GL0135536  [gene]  locus=scaffold143833_1:3436:5379:- [Complete] codon-table.11,blastp,metahit_2014_pep,d9539_asm_v1.2_29,647.0,3429,5369,+,100.0
158,d9539_asm_v1.2_29,MH0039_GL0018307,93.045,647,45,0,1,647,1,647,0.0,1251.0,647,647,0,,,,100,MH0039_GL0018307  [gene]  locus=scaffold66015_3:2669:4612:+ [Complete] codon-table.11,blastp,metahit_2014_pep,d9539_asm_v1.2_29,647.0,3429,5369,+,100.0
159,d9539_asm_v1.2_29,MH0409_GL0129297,91.963,647,52,0,1,647,1,647,0.0,1244.0,647,647,0,,,,100,MH0409_GL0129297  [gene]  locus=scaffold117357_2:969:2912:+ [Complete] codon-table.11,blastp,metahit_2014_pep,d9539_asm_v1.2_29,647.0,3429,5369,+,100.0
160,d9539_asm_v1.2_29,MH0033_GL0005946,89.352,648,68,1,1,647,1,648,0.0,1214.0,647,648,0,,,,100,MH0033_GL0005946  [gene]  locus=scaffold47970_1:3003:4949:+ [Complete] codon-table.11,blastp,metahit_2014_pep,d9539_asm_v1.2_29,647.0,3429,5369,+,100.0
161,d9539_asm_v1.2_29,MH0136_GL0000112,89.352,648,68,1,1,647,1,648,0.0,1212.0,647,648,0,,,,100,MH0136_GL0000112  [gene]  locus=C1259564_1:2065:4011:- [Complete] codon-table.11,blastp,metahit_2014_pep,d9539_asm_v1.2_29,647.0,3429,5369,+,100.0
162,d9539_asm_v1.2_29,MH0100_GL0100930,89.335,647,69,0,1,647,1,647,0.0,1210.0,647,647,0,,,,100,MH0100_GL0100930  [gene]  locus=C1657075_1:676:2619:- [Complete] codon-table.11,blastp,metahit_2014_pep,d9539_asm_v1.2_29,647.0,3429,5369,+,100.0
163,d9539_asm_v1.2_29,159166850-stool1_revised_C1063521_1_gene104931,89.815,648,65,1,1,647,1,648,0.0,1208.0,647,648,0,,,,100,159166850-stool1_revised_C1063521_1_gene104931 strand:+  start:1580 stop:3526 length:1947 start_codon:yes stop_codon:yes gene_type:complete [Complete] codon-table.11,blastp,metahit_2014_pep,d9539_asm_v1.2_29,647.0,3429,5369,+,100.0
164,d9539_asm_v1.2_29,V1.FI06_GL0230840,89.352,648,68,1,1,647,1,648,0.0,1208.0,647,648,0,,,,100,V1.FI06_GL0230840  [gene]  locus=scaffold14374_1:2814:4760:+ [Complete] codon-table.11,blastp,metahit_2014_pep,d9539_asm_v1.2_29,647.0,3429,5369,+,100.0
165,d9539_asm_v1.2_29,763961826-stool2_revised_C698346_1_gene78348,90.895,648,58,1,1,647,1,648,0.0,1199.0,647,648,0,,,,100,763961826-stool2_revised_C698346_1_gene78348 strand:+  start:1638 stop:3584 length:1947 start_codon:yes stop_codon:yes gene_type:complete [Complete] codon-table.11,blastp,metahit_2014_pep,d9539_asm_v1.2_29,647.0,3429,5369,+,100.0
166,d9539_asm_v1.2_29,O2.UC38-1_GL0144643,90.123,648,63,1,1,647,1,648,0.0,1199.0,647,648,0,,,,100,O2.UC38-1_GL0144643  [gene]  locus=C1315509_1:1877:3823:- [Complete] codon-table.11,blastp,metahit_2014_pep,d9539_asm_v1.2_29,647.0,3429,5369,+,100.0
167,d9539_asm_v1.2_29,gi|755259305|gb|AJK28264.1|,28.796,191,120,7,384,569,279,458,1.6799999999999998e-08,68.2,647,523,755259305,1609634,,,29,putative major capsid protein [Eel River basin pequenovirus],blastp,nr,d9539_asm_v1.2_29,647.0,3429,5369,+,28.74806800618238
168,d9539_asm_v1.2_29,gi|524208404|emb|CCZ76639.1|,31.746,189,109,9,358,529,16,201,9.28e-08,65.1,647,338,524208404,1263035,,,27,putative uncharacterized protein [Alistipes finegoldii CAG:68],blastp,nr,d9539_asm_v1.2_29,647.0,3429,5369,+,26.584234930448222
169,d9539_asm_v1.2_29,gi|142008696|gb|ECU79166.1|,24.706,255,162,8,384,633,265,494,6.49e-08,62.0,647,505,142008696,408172.0,,,39,hypothetical protein GOS_10803 [marine metagenome],blastp,env_nr,d9539_asm_v1.2_29,647.0,3429,5369,+,38.639876352395675
170,d9539_asm_v1.2_29,gi|142008257|gb|ECU78830.1|,24.706,255,162,8,384,633,265,494,6.78e-08,62.0,647,505,142008257,408172.0,,,39,hypothetical protein GOS_11146 [marine metagenome],blastp,env_nr,d9539_asm_v1.2_29,647.0,3429,5369,+,38.639876352395675
171,d9539_asm_v1.2_29,gi|444298000|dbj|GAC77839.1|,21.377,276,187,8,375,644,228,479,2.06e-06,61.2,647,480,444298000,186617,,,42,major capsid protein [uncultured marine virus],blastp,nr,d9539_asm_v1.2_29,647.0,3429,5369,+,41.73106646058733
172,d9539_asm_v1.2_29,gi|639237429|ref|WP_024568106.1|,25.547,274,165,8,373,633,286,533,4.94e-06,60.5,647,546,639237429,1117645,,,40,hypothetical protein [Elizabethkingia anophelis],blastp,nr,d9539_asm_v1.2_29,647.0,3429,5369,+,40.34003091190108
173,d9539_asm_v1.2_29,gi|134312349|gb|EBA56764.1|,24.303,251,164,9,384,630,43,271,1.72e-07,59.3,647,285,134312349,408172.0,,,38,"hypothetical protein GOS_7385, partial [marine metagenome]",blastp,env_nr,d9539_asm_v1.2_29,647.0,3429,5369,+,38.17619783616692
174,d9539_asm_v1.2_29,HMPREF1059_03257,26.214,206,139,7,368,569,282,478,6.68e-07,59.3,647,538,0,,,,31,HMPREF1059_03257 hypothetical protein [Parabacteroides distasonis CL09T03C24],blastp,hmp_pep,d9539_asm_v1.2_29,647.0,3429,5369,+,31.221020092735703
175,d9539_asm_v1.2_29,HMPREF1059_03257,26.214,206,139,7,368,569,282,478,6.68e-07,59.3,647,538,0,,,,31,HMPREF1059_03257 hypothetical protein [Parabacteroides distasonis CL09T03C24],blastp,hmp_pep,d9539_asm_v1.2_29,647.0,3429,5369,+,31.221020092735703
176,d9539_asm_v1.2_29,gi|492501782|ref|WP_005867318.1|,26.214,206,139,7,368,569,282,478,1.07e-05,59.3,647,538,492501782,823;999417;1655644,N/A;N/A;N/A,N/A;N/A;N/A,31,hypothetical protein [Parabacteroides distasonis],blastp,nr,d9539_asm_v1.2_29,647.0,3429,5369,+,31.221020092735703
177,d9539_asm_v1.2_29,gi|738737148|ref|WP_036631168.1|,24.638,207,143,6,367,569,284,481,5.69e-05,57.0,647,541,738737148,823;1339344;1339345,N/A;N/A;N/A,N/A;N/A;N/A,31,hypothetical protein [Parabacteroides distasonis],blastp,nr,d9539_asm_v1.2_29,647.0,3429,5369,+,31.375579598145286
178,d9539_asm_v1.2_29,gi|738736491|ref|WP_036630554.1|,24.757,206,144,6,367,569,133,330,5.28e-05,56.6,647,390,738736491,823;1339345,N/A;N/A,N/A;N/A,31,"hypothetical protein, partial [Parabacteroides distasonis]",blastp,nr,d9539_asm_v1.2_29,647.0,3429,5369,+,31.375579598145286
179,d9539_asm_v1.2_29,gi|142008894|gb|ECU79310.1|,28.966,145,94,4,384,525,221,359,2.99e-06,56.2,647,386,142008894,408172.0,,,22,"hypothetical protein GOS_10668, partial [marine metagenome]",blastp,env_nr,d9539_asm_v1.2_29,647.0,3429,5369,+,21.94744976816074
180,d9539_asm_v1.2_29,gi|134311082|gb|EBA55872.1|,27.5,200,133,6,375,568,35,228,1.65e-06,55.8,647,241,134311082,408172.0,,,30,"hypothetical protein GOS_8486, partial [marine metagenome]",blastp,env_nr,d9539_asm_v1.2_29,647.0,3429,5369,+,29.984544049459043
181,d9539_asm_v1.2_29,gi|134313866|gb|EBA57829.1|,25.359,209,134,7,384,586,44,236,2.52e-06,55.8,647,288,134313866,408172.0,,,31,"hypothetical protein GOS_6129, partial [marine metagenome]",blastp,env_nr,d9539_asm_v1.2_29,647.0,3429,5369,+,31.375579598145286
182,d9539_asm_v1.2_29,gi|906476412|ref|YP_009160407.1|,27.895,190,123,6,384,569,267,446,0.000147,55.5,647,506,906476412,1655661,,,29,major capsid protein VP1 [Microviridae Fen7918_21],blastp,nr,d9539_asm_v1.2_29,647.0,3429,5369,+,28.74806800618238
183,d9539_asm_v1.2_29,gi|649557305|gb|KDS63784.1|,24.468000000000004,188,132,5,385,569,5,185,8.609999999999999e-05,54.7,647,245,649557305,1339344;1339345,N/A;N/A,N/A;N/A,29,capsid family protein [Parabacteroides distasonis str. 3999B T(B) 4],blastp,nr,d9539_asm_v1.2_29,647.0,3429,5369,+,28.5935085007728
184,d9539_asm_v1.2_29,gi|444298142|dbj|GAC77768.1|,25.49,153,108,4,375,525,111,259,0.000243,53.9,647,299,444298142,186617,,,23,major capsid protein [uncultured marine virus],blastp,nr,d9539_asm_v1.2_29,647.0,3429,5369,+,23.338485316846985
185,d9539_asm_v1.2_29,HMPREF9141_0985,26.106,226,127,9,437,630,300,517,0.002,48.1,647,531,0,,,,30,HMPREF9141_0985 putative capsid protein (F protein) [Prevotella multiformis DSM 16608],blastp,hmp_pep,d9539_asm_v1.2_29,647.0,3429,5369,+,29.984544049459043
186,d9539_asm_v1.2_29,HMPREF9141_0985,26.106,226,127,9,437,630,300,517,0.002,48.1,647,531,0,,,,30,HMPREF9141_0985 putative capsid protein (F protein) [Prevotella multiformis DSM 16608],blastp,hmp_pep,d9539_asm_v1.2_29,647.0,3429,5369,+,29.984544049459043
187,d9539_asm_v1.2_29,gi|142008974|gb|ECU79365.1|,23.611,216,156,5,314,525,148,358,0.002,47.8,647,470,142008974,408172.0,,,33,"hypothetical protein GOS_10596, partial [marine metagenome]",blastp,env_nr,d9539_asm_v1.2_29,647.0,3429,5369,+,32.76661514683153
188,d9539_asm_v1.2_29,gi|134311098|gb|EBA55882.1|,26.144,153,93,7,454,601,12,149,0.000573,47.4,647,185,134311098,408172.0,,,23,"hypothetical protein GOS_8473, partial [marine metagenome]",blastp,env_nr,d9539_asm_v1.2_29,647.0,3429,5369,+,22.874806800618238
189,d9539_asm_v1.2_29,gi|134311009|gb|EBA55822.1|,26.056,142,94,3,385,523,135,268,0.002,47.0,647,270,134311009,408172.0,,,21,"hypothetical protein GOS_8540, partial [marine metagenome]",blastp,env_nr,d9539_asm_v1.2_29,647.0,3429,5369,+,21.483771251931994
190,d9539_asm_v1.2_29,gi|134311670|gb|EBA56272.1|,23.684,190,129,6,388,568,1,183,0.003,46.2,647,243,134311670,408172.0,,,28,"hypothetical protein GOS_7991, partial [marine metagenome]",blastp,env_nr,d9539_asm_v1.2_29,647.0,3429,5369,+,27.975270479134466
191,d9539_asm_v1.2_29,BACEGG_02721,23.196,194,140,4,378,568,304,491,0.048,43.5,647,578,0,,,,30,BACEGG_02721 putative capsid protein (F protein) [Bacteroides eggerthii DSM 20697],blastp,hmp_pep,d9539_asm_v1.2_29,647.0,3429,5369,+,29.520865533230292
192,d9539_asm_v1.2_29,BACEGG_02721,23.196,194,140,4,378,568,304,491,0.048,43.5,647,578,0,,,,30,BACEGG_02721 putative capsid protein (F protein) [Bacteroides eggerthii DSM 20697],blastp,hmp_pep,d9539_asm_v1.2_29,647.0,3429,5369,+,29.520865533230292
193,d9539_asm_v1.2_29,HMPREF1018_02255,28.814,118,74,3,287,403,135,243,0.27,41.6,647,922,0,,,,18,HMPREF1018_02255 hypothetical protein [Bacteroides sp. 2_1_56FAA],blastp,hmp_pep,d9539_asm_v1.2_29,647.0,3429,5369,+,18.083462132921174
194,d9539_asm_v1.2_29,HMPREF1018_02255,28.814,118,74,3,287,403,135,243,0.27,41.6,647,922,0,,,,18,HMPREF1018_02255 hypothetical protein [Bacteroides sp. 2_1_56FAA],blastp,hmp_pep,d9539_asm_v1.2_29,647.0,3429,5369,+,18.083462132921174
195,d9539_asm_v1.2_29,BACCOPRO_03325,28.283,99,62,3,286,383,174,264,0.73,40.0,647,946,0,,,,15,BACCOPRO_03325 hypothetical protein [Bacteroides coprophilus DSM 18228 = JCM 13818],blastp,hmp_pep,d9539_asm_v1.2_29,647.0,3429,5369,+,15.146831530139103
196,d9539_asm_v1.2_29,BACCOPRO_03325,28.283,99,62,3,286,383,174,264,0.73,40.0,647,946,0,,,,15,BACCOPRO_03325 hypothetical protein [Bacteroides coprophilus DSM 18228 = JCM 13818],blastp,hmp_pep,d9539_asm_v1.2_29,647.0,3429,5369,+,15.146831530139103
205,d9539_asm_v1.2_22,MH0398_GL0192275,90.831,349,32,0,13,361,1,349,0.0,658.0,361,349,0,,,,97,MH0398_GL0192275  [gene]  locus=C1960271_1:1:1050:+ [Lack 5'-end] codon-table.11,blastp,metahit_2014_pep,d9539_asm_v1.2_22,361.0,2351,3433,+,96.67590027700831
206,d9539_asm_v1.2_22,V1.FI06_GL0230839,93.713,334,21,0,28,361,1,334,0.0,646.0,361,334,0,,,,93,V1.FI06_GL0230839  [gene]  locus=scaffold14374_1:1817:2821:+ [Complete] codon-table.11,blastp,metahit_2014_pep,d9539_asm_v1.2_22,361.0,2351,3433,+,92.5207756232687
207,d9539_asm_v1.2_22,MH0350_GL0030504,92.814,334,24,0,28,361,1,334,0.0,642.0,361,334,0,,,,93,MH0350_GL0030504  [gene]  locus=C1242055_1:1134:2138:- [Complete] codon-table.11,blastp,metahit_2014_pep,d9539_asm_v1.2_22,361.0,2351,3433,+,92.5207756232687
208,d9539_asm_v1.2_22,MH0033_GL0005945,91.916,334,27,0,28,361,1,334,0.0,637.0,361,334,0,,,,93,MH0033_GL0005945  [gene]  locus=scaffold47970_1:2006:3010:+ [Complete] codon-table.11,blastp,metahit_2014_pep,d9539_asm_v1.2_22,361.0,2351,3433,+,92.5207756232687
209,d9539_asm_v1.2_22,MH0379_GL0138307,90.294,340,33,0,22,361,2,341,0.0,635.0,361,341,0,,,,94,MH0379_GL0138307  [gene]  locus=C1279931_1:2576:3601:- [Complete] codon-table.11,blastp,metahit_2014_pep,d9539_asm_v1.2_22,361.0,2351,3433,+,94.18282548476455
210,d9539_asm_v1.2_22,MH0039_GL0018306,92.515,334,25,0,28,361,1,334,0.0,635.0,361,334,0,,,,93,MH0039_GL0018306  [gene]  locus=scaffold66015_3:1672:2676:+ [Complete] codon-table.11,blastp,metahit_2014_pep,d9539_asm_v1.2_22,361.0,2351,3433,+,92.5207756232687
211,d9539_asm_v1.2_22,675950834-stool1_revised_C814893_1_gene71380,91.916,334,27,0,28,361,1,334,0.0,633.0,361,334,0,,,,93,675950834-stool1_revised_C814893_1_gene71380 strand:+  start:3937 stop:4941 length:1005 start_codon:yes stop_codon:yes gene_type:complete [Complete] codon-table.11,blastp,metahit_2014_pep,d9539_asm_v1.2_22,361.0,2351,3433,+,92.5207756232687
212,d9539_asm_v1.2_22,MH0095_GL0050324,91.317,334,29,0,28,361,1,334,0.0,632.0,361,334,0,,,,93,MH0095_GL0050324  [gene]  locus=C1003303_1:3687:4691:+ [Complete] codon-table.11,blastp,metahit_2014_pep,d9539_asm_v1.2_22,361.0,2351,3433,+,92.5207756232687
213,d9539_asm_v1.2_22,MH0454_GL0202595,91.018,334,30,0,28,361,1,334,0.0,632.0,361,334,0,,,,93,MH0454_GL0202595  [gene]  locus=C2164004_1:4046:5050:+ [Complete] codon-table.11,blastp,metahit_2014_pep,d9539_asm_v1.2_22,361.0,2351,3433,+,92.5207756232687
214,d9539_asm_v1.2_22,V1.CD38-0_GL0096425,90.12,334,33,0,28,361,1,334,0.0,628.0,361,334,0,,,,93,V1.CD38-0_GL0096425  [gene]  locus=C1253879_1:58:1062:+ [Complete] codon-table.11,blastp,metahit_2014_pep,d9539_asm_v1.2_22,361.0,2351,3433,+,92.5207756232687
215,d9539_asm_v1.2_22,gi|524208442|emb|CCZ76638.1|,27.386,241,139,9,2,221,3,228,1.3e-12,77.8,361,320,524208442,1263035,,,61,putative replication initiation protein [Alistipes finegoldii CAG:68],blastp,nr,d9539_asm_v1.2_22,361.0,2351,3433,+,60.94182825484764
216,d9539_asm_v1.2_22,gi|609718275|emb|CDN73649.1|,27.174,184,101,6,1,180,1,155,7.04e-08,63.2,361,265,609718275,1117645,,,50,conserved hypothetical protein [Elizabethkingia anophelis],blastp,nr,d9539_asm_v1.2_22,361.0,2351,3433,+,49.86149584487535
217,d9539_asm_v1.2_22,gi|874564538|emb|CRY94235.1|,24.818,274,166,13,2,258,4,254,2.44e-07,62.4,361,340,874564538,198431,,,71,hypothetical protein [uncultured prokaryote],blastp,nr,d9539_asm_v1.2_22,361.0,2351,3433,+,71.19113573407202
218,d9539_asm_v1.2_22,gi|649555288|gb|KDS61825.1|,28.931,159,87,7,34,176,8,156,3.96e-07,61.2,361,284,649555288,1339344,,,40,hypothetical protein M095_3808 [Parabacteroides distasonis str. 3999B T(B) 4],blastp,nr,d9539_asm_v1.2_22,361.0,2351,3433,+,39.61218836565097
219,d9539_asm_v1.2_22,gi|313766930|gb|ADR80656.1|,23.188,276,160,12,26,274,114,364,7.84e-07,60.8,361,402,313766930,926697,,,69,putative replication initiation protein [uncultured Microviridae],blastp,nr,d9539_asm_v1.2_22,361.0,2351,3433,+,68.97506925207756
220,d9539_asm_v1.2_22,HMPREF1059_03256,28.931,159,87,7,34,176,8,156,4.69e-08,60.5,361,284,0,,,,40,HMPREF1059_03256 hypothetical protein [Parabacteroides distasonis CL09T03C24],blastp,hmp_pep,d9539_asm_v1.2_22,361.0,2351,3433,+,39.61218836565097
221,d9539_asm_v1.2_22,HMPREF1059_03256,28.931,159,87,7,34,176,8,156,4.69e-08,60.5,361,284,0,,,,40,HMPREF1059_03256 hypothetical protein [Parabacteroides distasonis CL09T03C24],blastp,hmp_pep,d9539_asm_v1.2_22,361.0,2351,3433,+,39.61218836565097
222,d9539_asm_v1.2_22,gi|639237430|ref|WP_024568107.1|,26.087,184,103,6,1,180,1,155,5.37e-07,60.5,361,264,639237430,1117645,,,50,hypothetical protein [Elizabethkingia anophelis],blastp,nr,d9539_asm_v1.2_22,361.0,2351,3433,+,49.86149584487535
223,d9539_asm_v1.2_22,gi|971765486|ref|YP_009218538.1|,28.931,159,87,7,34,176,8,156,7.49e-07,60.5,361,284,971765486,999417;1655644,N/A;N/A,N/A;N/A,40,replication protein VP4 [Parabacteroides phage YZ-2015a],blastp,nr,d9539_asm_v1.2_22,361.0,2351,3433,+,39.61218836565097
224,d9539_asm_v1.2_22,gi|557745630|ref|YP_008798246.1|,26.906,223,127,9,32,229,24,235,2.04e-06,59.3,361,312,557745630,1385658,,,55,replication initiator [Marine gokushovirus],blastp,nr,d9539_asm_v1.2_22,361.0,2351,3433,+,54.84764542936288
225,d9539_asm_v1.2_22,gi|142009119|gb|ECU79481.1|,25.0,252,143,13,35,264,19,246,3e-07,57.8,361,295,142009119,408172.0,,,64,"hypothetical protein GOS_10492, partial [marine metagenome]",blastp,env_nr,d9539_asm_v1.2_22,361.0,2351,3433,+,63.71191135734072
226,d9539_asm_v1.2_22,gi|142008503|gb|ECU79013.1|,24.537,216,128,11,26,223,16,214,4.71e-07,57.0,361,304,142008503,408172.0,,,55,hypothetical protein GOS_10964 [marine metagenome],blastp,env_nr,d9539_asm_v1.2_22,361.0,2351,3433,+,54.84764542936288
227,d9539_asm_v1.2_22,gi|906476291|ref|YP_009160340.1|,23.529,238,134,12,31,258,3,202,1.26e-05,56.6,361,275,906476291,1655647;1655655,N/A;N/A,N/A;N/A,63,replication protein VP4 [Microviridae Bog1249_12],blastp,nr,d9539_asm_v1.2_22,361.0,2351,3433,+,63.1578947368421
228,d9539_asm_v1.2_22,gi|815130571|emb|CRH71373.1|,26.446,242,123,12,39,258,44,252,1.42e-05,56.6,361,308,815130571,813,,,61,Uncharacterised protein [Chlamydia trachomatis],blastp,nr,d9539_asm_v1.2_22,361.0,2351,3433,+,60.94182825484764
229,d9539_asm_v1.2_22,gi|142008975|gb|ECU79366.1|,27.746,173,88,7,39,183,41,204,1.05e-06,56.2,361,321,142008975,408172.0,,,40,hypothetical protein GOS_10597 [marine metagenome],blastp,env_nr,d9539_asm_v1.2_22,361.0,2351,3433,+,40.16620498614959
230,d9539_asm_v1.2_22,gi|142008206|gb|ECU78786.1|,27.799,259,134,12,39,272,30,260,1.28e-06,55.8,361,298,142008206,408172.0,,,65,hypothetical protein GOS_11183 [marine metagenome],blastp,env_nr,d9539_asm_v1.2_22,361.0,2351,3433,+,64.81994459833795
231,d9539_asm_v1.2_22,gi|134314590|gb|EBA58347.1|,25.131,191,106,9,34,200,8,185,6.51e-07,55.5,361,200,134314590,408172.0,,,46,"hypothetical protein GOS_5489, partial [marine metagenome]",blastp,env_nr,d9539_asm_v1.2_22,361.0,2351,3433,+,46.26038781163435
232,d9539_asm_v1.2_22,gi|142008068|gb|ECU78670.1|,24.514,257,154,12,26,267,34,265,2.7000000000000004e-06,54.7,361,308,142008068,408172.0,,,67,hypothetical protein GOS_11305 [marine metagenome],blastp,env_nr,d9539_asm_v1.2_22,361.0,2351,3433,+,67.03601108033241
233,d9539_asm_v1.2_22,gi|142009040|gb|ECU79415.1|,28.221,163,88,8,39,183,41,192,1.6899999999999994e-05,52.0,361,282,142009040,408172.0,,,40,"hypothetical protein GOS_10557, partial [marine metagenome]",blastp,env_nr,d9539_asm_v1.2_22,361.0,2351,3433,+,40.16620498614959
234,d9539_asm_v1.2_22,gi|134312392|gb|EBA56794.1|,25.253,198,109,9,40,207,1,189,2.35e-05,51.6,361,270,134312392,408172.0,,,47,"hypothetical protein GOS_7355, partial [marine metagenome]",blastp,env_nr,d9539_asm_v1.2_22,361.0,2351,3433,+,46.53739612188366
235,d9539_asm_v1.2_22,gi|142008862|gb|ECU79285.1|,28.221,163,88,8,39,183,41,192,1.84e-05,51.2,361,218,142008862,408172.0,,,40,"hypothetical protein GOS_10689, partial [marine metagenome]",blastp,env_nr,d9539_asm_v1.2_22,361.0,2351,3433,+,40.16620498614959
236,d9539_asm_v1.2_22,gi|142008955|gb|ECU79351.1|,28.221,163,88,8,39,183,29,180,2.09e-05,51.2,361,212,142008955,408172.0,,,40,"hypothetical protein GOS_10620, partial [marine metagenome]",blastp,env_nr,d9539_asm_v1.2_22,361.0,2351,3433,+,40.16620498614959
237,d9539_asm_v1.2_22,HMPREF9141_0984,37.736,53,29,1,34,86,20,68,1.5,37.7,361,479,0,,,,15,HMPREF9141_0984 hypothetical protein [Prevotella multiformis DSM 16608],blastp,hmp_pep,d9539_asm_v1.2_22,361.0,2351,3433,+,14.681440443213296
238,d9539_asm_v1.2_22,HMPREF9141_0984,37.736,53,29,1,34,86,20,68,1.5,37.7,361,479,0,,,,15,HMPREF9141_0984 hypothetical protein [Prevotella multiformis DSM 16608],blastp,hmp_pep,d9539_asm_v1.2_22,361.0,2351,3433,+,14.681440443213296
239,d9539_asm_v1.2_22,HMPREF0991_01395,24.818,137,88,5,74,202,64,193,7.5,35.0,361,240,0,,,,36,HMPREF0991_01395 hypothetical protein [Lachnospiraceae bacterium 2_1_58FAA],blastp,hmp_pep,d9539_asm_v1.2_22,361.0,2351,3433,+,35.73407202216067
240,d9539_asm_v1.2_22,HMPREF0991_01395,24.818,137,88,5,74,202,64,193,7.5,35.0,361,240,0,,,,36,HMPREF0991_01395 hypothetical protein [Lachnospiraceae bacterium 2_1_58FAA],blastp,hmp_pep,d9539_asm_v1.2_22,361.0,2351,3433,+,35.73407202216067
247,d9539_asm_v1.2_16,DOM013_GL0003401,82.85700000000001,70,12,0,1,70,1,70,2.4599999999999997e-32,115.0,70,70,0,,,,100,DOM013_GL0003401  [gene]  locus=scaffold65383_1:1648:1860:- [Complete] codon-table.11,blastp,metahit_2014_pep,d9539_asm_v1.2_16,70.0,2179,2388,+,100.0
248,d9539_asm_v1.2_16,MH0350_GL0030505,78.571,70,15,0,1,70,1,70,2.11e-31,112.0,70,70,0,,,,100,MH0350_GL0030505  [gene]  locus=C1242055_1:2179:2391:- [Complete] codon-table.11,blastp,metahit_2014_pep,d9539_asm_v1.2_16,70.0,2179,2388,+,100.0
249,d9539_asm_v1.2_16,159227541-stool1_revised_scaffold12120_1_gene77396,78.571,70,15,0,1,70,1,70,2.13e-31,112.0,70,70,0,,,,100,159227541-stool1_revised_scaffold12120_1_gene77396 strand:-  start:784 stop:996 length:213 start_codon:yes stop_codon:yes gene_type:complete [Complete] codon-table.11,blastp,metahit_2014_pep,d9539_asm_v1.2_16,70.0,2179,2388,+,100.0
250,d9539_asm_v1.2_16,MH0148_GL0013506,77.143,70,16,0,1,70,1,70,5.96e-31,111.0,70,70,0,,,,100,MH0148_GL0013506  [gene]  locus=scaffold78322_1:4598:4810:+ [Complete] codon-table.11,blastp,metahit_2014_pep,d9539_asm_v1.2_16,70.0,2179,2388,+,100.0
251,d9539_asm_v1.2_16,MH0033_GL0005944,77.143,70,16,0,1,70,1,70,9.1e-31,111.0,70,70,0,,,,100,MH0033_GL0005944  [gene]  locus=scaffold47970_1:1753:1965:+ [Complete] codon-table.11,blastp,metahit_2014_pep,d9539_asm_v1.2_16,70.0,2179,2388,+,100.0
252,d9539_asm_v1.2_16,MH0418_GL0027848,78.571,70,15,0,1,70,1,70,1.42e-30,110.0,70,70,0,,,,100,MH0418_GL0027848  [gene]  locus=C1585672_1:3377:3589:- [Complete] codon-table.11,blastp,metahit_2014_pep,d9539_asm_v1.2_16,70.0,2179,2388,+,100.0
253,d9539_asm_v1.2_16,V1.FI06_GL0230838,78.571,70,15,0,1,70,1,70,2.3599999999999998e-30,110.0,70,70,0,,,,100,V1.FI06_GL0230838  [gene]  locus=scaffold14374_1:1564:1776:+ [Complete] codon-table.11,blastp,metahit_2014_pep,d9539_asm_v1.2_16,70.0,2179,2388,+,100.0
254,d9539_asm_v1.2_16,V1.CD9-0_GL0051158,80.597,67,13,0,4,70,5,71,2.3699999999999997e-30,110.0,70,71,0,,,,96,V1.CD9-0_GL0051158  [gene]  locus=C754056_1:3651:3866:- [Complete] codon-table.11,blastp,metahit_2014_pep,d9539_asm_v1.2_16,70.0,2179,2388,+,95.71428571428571
255,d9539_asm_v1.2_16,MH0297_GL0055869,79.104,67,14,0,1,67,1,67,9.979999999999999e-30,108.0,70,67,0,,,,96,MH0297_GL0055869  [gene]  locus=C946681_1:5516:5719:- [Complete] codon-table.11,blastp,metahit_2014_pep,d9539_asm_v1.2_16,70.0,2179,2388,+,95.71428571428571
256,d9539_asm_v1.2_16,MH0173_GL0109000,77.143,70,16,0,1,70,1,70,1.22e-29,108.0,70,70,0,,,,100,MH0173_GL0109000  [gene]  locus=scaffold46377_2:1681:1893:- [Complete] codon-table.11,blastp,metahit_2014_pep,d9539_asm_v1.2_16,70.0,2179,2388,+,100.0
257,d9539_asm_v1.2_16,gi|136820264|gb|EBQ62337.1|,34.091,44,28,1,24,67,80,122,2.0,31.2,70,122,136820264,408172.0,,,63,hypothetical protein GOS_7723073 [marine metagenome],blastp,env_nr,d9539_asm_v1.2_16,70.0,2179,2388,+,62.857142857142854
258,d9539_asm_v1.2_16,gi|136551255|gb|EBO89237.1|,30.435,46,32,0,11,56,153,198,5.9,30.4,70,254,136551255,408172.0,,,66,"hypothetical protein GOS_8002617, partial [marine metagenome]",blastp,env_nr,d9539_asm_v1.2_16,70.0,2179,2388,+,65.71428571428571
259,d9539_asm_v1.2_16,gi|136226764|gb|EBM73396.1|,43.75,32,18,0,37,68,52,83,9.7,29.3,70,102,136226764,408172.0,,,46,"hypothetical protein GOS_8361982, partial [marine metagenome]",blastp,env_nr,d9539_asm_v1.2_16,70.0,2179,2388,+,45.714285714285715
260,d9539_asm_v1.2_14,MH0350_GL0030506,83.704,135,22,0,40,174,1,135,3.2799999999999984e-73,226.0,174,135,0,,,,78,MH0350_GL0030506  [gene]  locus=C1242055_1:2443:2850:- [Complete] codon-table.11,blastp,metahit_2014_pep,d9539_asm_v1.2_14,174.0,1603,2124,+,77.58620689655173
261,d9539_asm_v1.2_14,O2.UC35-0_GL0103272,73.333,150,40,0,25,174,5,154,2.39e-71,221.0,174,154,0,,,,86,O2.UC35-0_GL0103272  [gene]  locus=C1451006_1:3105:3569:+ [Complete] codon-table.11,blastp,metahit_2014_pep,d9539_asm_v1.2_14,174.0,1603,2124,+,86.20689655172414
262,d9539_asm_v1.2_14,V1.UC47-0_GL0063330,67.05199999999999,173,56,1,2,173,1,173,2.999999999999999e-69,217.0,174,174,0,,,,99,V1.UC47-0_GL0063330  [gene]  locus=scaffold43834_1:73:597:+ [Complete] codon-table.11,blastp,metahit_2014_pep,d9539_asm_v1.2_14,174.0,1603,2124,+,98.85057471264368
263,d9539_asm_v1.2_14,MH0039_GL0018304,77.778,135,30,0,40,174,1,135,1.5399999999999993e-69,216.0,174,135,0,,,,78,MH0039_GL0018304  [gene]  locus=scaffold66015_3:960:1367:+ [Complete] codon-table.11,blastp,metahit_2014_pep,d9539_asm_v1.2_14,174.0,1603,2124,+,77.58620689655173
264,d9539_asm_v1.2_14,DOM010_GL0081934,74.0,150,39,0,25,174,6,155,2.2499999999999998e-69,216.0,174,155,0,,,,86,DOM010_GL0081934  [gene]  locus=scaffold34317_7:1:468:+ [Lack 5'-end] codon-table.11,blastp,metahit_2014_pep,d9539_asm_v1.2_14,174.0,1603,2124,+,86.20689655172414
265,d9539_asm_v1.2_14,159227541-stool1_revised_scaffold12120_1_gene77397,64.596,161,57,0,14,174,4,164,1.5899999999999995e-67,212.0,174,166,0,,,,93,159227541-stool1_revised_scaffold12120_1_gene77397 strand:-  start:1045 stop:1545 length:501 start_codon:yes stop_codon:yes gene_type:complete [Complete] codon-table.11,blastp,metahit_2014_pep,d9539_asm_v1.2_14,174.0,1603,2124,+,92.52873563218391
266,d9539_asm_v1.2_14,MH0361_GL0034086,69.079,152,47,0,23,174,3,154,2.6899999999999985e-67,211.0,174,154,0,,,,87,MH0361_GL0034086  [gene]  locus=scaffold44043_1:4521:4985:- [Complete] codon-table.11,blastp,metahit_2014_pep,d9539_asm_v1.2_14,174.0,1603,2124,+,87.35632183908046
267,d9539_asm_v1.2_14,MH0100_GL0100933,77.03699999999998,135,31,0,40,174,1,135,4.3199999999999996e-67,210.0,174,135,0,,,,78,MH0100_GL0100933  [gene]  locus=C1657075_1:3921:4328:- [Complete] codon-table.11,blastp,metahit_2014_pep,d9539_asm_v1.2_14,174.0,1603,2124,+,77.58620689655173
268,d9539_asm_v1.2_14,MH0148_GL0013505,78.51899999999998,135,29,0,40,174,1,135,4.969999999999999e-67,210.0,174,136,0,,,,78,MH0148_GL0013505  [gene]  locus=scaffold78322_1:4136:4546:+ [Complete] codon-table.11,blastp,metahit_2014_pep,d9539_asm_v1.2_14,174.0,1603,2124,+,77.58620689655173
269,d9539_asm_v1.2_14,MH0446_GL0207246,77.03699999999998,135,31,0,40,174,1,135,3.7199999999999993e-66,207.0,174,135,0,,,,78,MH0446_GL0207246  [gene]  locus=C1774148_1:192:599:+ [Complete] codon-table.11,blastp,metahit_2014_pep,d9539_asm_v1.2_14,174.0,1603,2124,+,77.58620689655173
270,d9539_asm_v1.2_14,gi|657694190|ref|WP_029493819.1|,22.124,113,85,2,54,166,43,152,1.8,38.5,174,178,657694190,1307442;1583098,N/A;N/A,N/A;N/A,65,hypothetical protein [Fusobacterium hwasookii],blastp,nr,d9539_asm_v1.2_14,174.0,1603,2124,+,64.94252873563218
271,d9539_asm_v1.2_14,gi|780254518|ref|WP_045541509.1|,28.467,137,89,6,30,159,22,156,3.0,38.5,174,374,780254518,104102,,,75,gluconolactonase [Acetobacter tropicalis],blastp,nr,d9539_asm_v1.2_14,174.0,1603,2124,+,74.71264367816092
272,d9539_asm_v1.2_14,gi|138220043|gb|EBY50077.1|,32.222,90,51,3,32,120,123,203,0.71,36.2,174,315,138220043,408172.0,,,51,"hypothetical protein GOS_5591846, partial [marine metagenome]",blastp,env_nr,d9539_asm_v1.2_14,174.0,1603,2124,+,51.14942528735632
273,d9539_asm_v1.2_14,HMPREF9978_04287,19.608,102,76,3,43,140,1051,1150,2.3,35.4,174,10229,0,,,,56,"HMPREF9978_04287 Gram-positive signal peptide protein, YSIRK family [Staphylococcus epidermidis NIHLM015]",blastp,hmp_pep,d9539_asm_v1.2_14,174.0,1603,2124,+,56.32183908045977
274,d9539_asm_v1.2_14,HMPREF9984_05057,19.608,102,76,3,43,140,1051,1150,2.3,35.4,174,10229,0,,,,56,"HMPREF9984_05057 Gram-positive signal peptide protein, YSIRK family [Staphylococcus epidermidis NIHLM037]",blastp,hmp_pep,d9539_asm_v1.2_14,174.0,1603,2124,+,56.32183908045977
275,d9539_asm_v1.2_14,gi|816814927|gb|KKN89752.1|,25.743,101,72,2,25,123,83,182,2.5,34.7,174,384,816814927,412755.0,,,57,hypothetical protein LCGC14_0235980 [marine sediment metagenome],blastp,env_nr,d9539_asm_v1.2_14,174.0,1603,2124,+,56.89655172413793
276,d9539_asm_v1.2_14,gi|594787956|dbj|GAI92742.1|,33.824,68,41,2,57,122,25,90,2.9,34.3,174,283,594787956,412755.0,,,38,"unnamed protein product, partial [marine sediment metagenome]",blastp,env_nr,d9539_asm_v1.2_14,174.0,1603,2124,+,37.93103448275862
277,d9539_asm_v1.2_14,gi|142732260|gb|EDA17626.1|,34.667,75,46,3,42,116,182,253,6.8,33.1,174,273,142732260,408172.0,,,43,hypothetical protein GOS_2049936 [marine metagenome],blastp,env_nr,d9539_asm_v1.2_14,174.0,1603,2124,+,43.10344827586207
278,d9539_asm_v1.2_14,gi|136709795|gb|EBP89117.1|,29.688,64,43,1,107,168,9,72,2.9,32.3,174,72,136709795,408172.0,,,36,hypothetical protein GOS_7837385 [marine metagenome],blastp,env_nr,d9539_asm_v1.2_14,174.0,1603,2124,+,35.632183908045974
279,d9539_asm_v1.2_14,gi|135985580|gb|EBL15567.1|,28.049,82,46,2,41,110,32,112,7.8,32.0,174,116,135985580,408172.0,,,40,"hypothetical protein GOS_8614596, partial [marine metagenome]",blastp,env_nr,d9539_asm_v1.2_14,174.0,1603,2124,+,40.229885057471265
280,d9539_asm_v1.2_14,gi|594775093|dbj|GAI91812.1|,37.143,35,22,0,87,121,25,59,6.3,31.6,174,79,594775093,412755.0,,,20,unnamed protein product [marine sediment metagenome],blastp,env_nr,d9539_asm_v1.2_14,174.0,1603,2124,+,20.114942528735632
282,d9539_asm_v1.2_11,V1.FI30_GL0086214,91.449,421,36,0,1,421,1,421,0.0,801.0,421,421,0,,,,100,V1.FI30_GL0086214  [gene]  locus=C1434676_1:3854:5119:+ [Complete] codon-table.11,blastp,metahit_2014_pep,d9539_asm_v1.2_11,421.0,393,1655,+,100.0
283,d9539_asm_v1.2_11,MH0413_GL0135533,93.824,421,26,0,1,421,1,421,0.0,794.0,421,421,0,,,,100,MH0413_GL0135533  [gene]  locus=scaffold143833_1:1399:2664:- [Complete] codon-table.11,blastp,metahit_2014_pep,d9539_asm_v1.2_11,421.0,393,1655,+,100.0
284,d9539_asm_v1.2_11,V1.UC58-0_GL0088246,93.349,421,27,1,1,421,1,420,0.0,788.0,421,420,0,,,,100,V1.UC58-0_GL0088246  [gene]  locus=C1432657_1:3554:4816:- [Complete] codon-table.11,blastp,metahit_2014_pep,d9539_asm_v1.2_11,421.0,393,1655,+,100.0
285,d9539_asm_v1.2_11,MH0454_GL0202593,92.162,421,33,0,1,421,1,421,0.0,786.0,421,421,0,,,,100,MH0454_GL0202593  [gene]  locus=C2164004_1:2006:3271:+ [Complete] codon-table.11,blastp,metahit_2014_pep,d9539_asm_v1.2_11,421.0,393,1655,+,100.0
286,d9539_asm_v1.2_11,V1.CD49-0_GL0024252,93.112,421,28,1,1,421,1,420,0.0,785.0,421,420,0,,,,100,V1.CD49-0_GL0024252  [gene]  locus=scaffold57460_1:335:1597:- [Complete] codon-table.11,blastp,metahit_2014_pep,d9539_asm_v1.2_11,421.0,393,1655,+,100.0
287,d9539_asm_v1.2_11,V1.UC42-0_GL0147535,92.874,421,29,1,1,421,1,420,0.0,783.0,421,420,0,,,,100,V1.UC42-0_GL0147535  [gene]  locus=scaffold88879_1:1745:3007:- [Complete] codon-table.11,blastp,metahit_2014_pep,d9539_asm_v1.2_11,421.0,393,1655,+,100.0
288,d9539_asm_v1.2_11,MH0124_GL0053855,94.062,421,25,0,1,421,1,421,0.0,782.0,421,421,0,,,,100,MH0124_GL0053855  [gene]  locus=scaffold87339_8:108:1373:- [Complete] codon-table.11,blastp,metahit_2014_pep,d9539_asm_v1.2_11,421.0,393,1655,+,100.0
289,d9539_asm_v1.2_11,V1.CD9-0_GL0011285,91.449,421,36,0,1,421,1,421,0.0,779.0,421,421,0,,,,100,V1.CD9-0_GL0011285  [gene]  locus=C738604_1:24:1289:- [Complete] codon-table.11,blastp,metahit_2014_pep,d9539_asm_v1.2_11,421.0,393,1655,+,100.0
290,d9539_asm_v1.2_11,MH0358_GL0076303,91.449,421,36,0,1,421,1,421,0.0,779.0,421,421,0,,,,100,MH0358_GL0076303  [gene]  locus=C916049_1:769:2034:- [Complete] codon-table.11,blastp,metahit_2014_pep,d9539_asm_v1.2_11,421.0,393,1655,+,100.0
291,d9539_asm_v1.2_11,MH0350_GL0030507,92.619,420,31,0,1,420,1,420,0.0,778.0,421,421,0,,,,99,MH0350_GL0030507  [gene]  locus=C1242055_1:2913:4178:- [Complete] codon-table.11,blastp,metahit_2014_pep,d9539_asm_v1.2_11,421.0,393,1655,+,99.7624703087886
292,d9539_asm_v1.2_11,gi|755259278|gb|AJK28241.1|,27.404,208,102,6,19,218,7,173,5.7e-05,55.1,421,277,755259278,1609634,,,48,hypothetical protein [Eel River basin pequenovirus],blastp,nr,d9539_asm_v1.2_11,421.0,393,1655,+,47.50593824228029
293,d9539_asm_v1.2_11,BACEGG_02723,40.323,62,37,0,71,132,87,148,0.000127,50.4,421,368,0,,,,15,BACEGG_02723 hypothetical protein [Bacteroides eggerthii DSM 20697],blastp,hmp_pep,d9539_asm_v1.2_11,421.0,393,1655,+,14.726840855106888
294,d9539_asm_v1.2_11,BACEGG_02723,40.323,62,37,0,71,132,87,148,0.000127,50.4,421,368,0,,,,15,BACEGG_02723 hypothetical protein [Bacteroides eggerthii DSM 20697],blastp,hmp_pep,d9539_asm_v1.2_11,421.0,393,1655,+,14.726840855106888
295,d9539_asm_v1.2_11,gi|490418711|ref|WP_004291034.1|,40.323,62,37,0,71,132,87,148,0.002,50.4,421,368,490418711,28111;483216,N/A;N/A,N/A;N/A,15,hypothetical protein [Bacteroides eggerthii],blastp,nr,d9539_asm_v1.2_11,421.0,393,1655,+,14.726840855106888
296,d9539_asm_v1.2_11,gi|575094324|emb|CDL65715.1|,31.132,106,71,1,25,130,8,111,0.039,46.6,421,370,575094324,77133,,,25,unnamed protein product [uncultured bacterium],blastp,nr,d9539_asm_v1.2_11,421.0,393,1655,+,25.17814726840855
297,d9539_asm_v1.2_11,gi|575094344|emb|CDL65728.1|,32.479,117,69,4,25,139,24,132,0.41,43.5,421,368,575094344,77133,,,27,unnamed protein product [uncultured bacterium],blastp,nr,d9539_asm_v1.2_11,421.0,393,1655,+,27.315914489311165
298,d9539_asm_v1.2_11,gi|906476379|ref|YP_009160390.1|,27.586,145,88,4,72,207,62,198,0.41,43.1,421,336,906476379,1655657,,,32,DNA pilot protein VP2 [Microviridae Fen685_11],blastp,nr,d9539_asm_v1.2_11,421.0,393,1655,+,32.304038004750595
299,d9539_asm_v1.2_11,gi|906476300|ref|YP_009160346.1|,31.858,113,63,2,75,178,53,160,0.47,43.1,421,334,906476300,1655648,,,25,DNA pilot protein VP2 [Microviridae Bog5275_51],blastp,nr,d9539_asm_v1.2_11,421.0,393,1655,+,24.70308788598575
300,d9539_asm_v1.2_11,HMPREF0645_1833,31.544,149,87,5,18,159,10,150,0.062,42.4,421,412,0,,,,34,HMPREF0645_1833 hypothetical protein [Prevotella bergensis DSM 17361],blastp,hmp_pep,d9539_asm_v1.2_11,421.0,393,1655,+,33.729216152019
301,d9539_asm_v1.2_11,HMPREF0645_1833,31.544,149,87,5,18,159,10,150,0.062,42.4,421,412,0,,,,34,HMPREF0645_1833 hypothetical protein [Prevotella bergensis DSM 17361],blastp,hmp_pep,d9539_asm_v1.2_11,421.0,393,1655,+,33.729216152019
302,d9539_asm_v1.2_11,gi|494308779|ref|WP_007173936.1|,31.544,149,87,5,18,159,10,150,0.98,42.4,421,412,494308779,242750;585502,N/A;N/A,N/A;N/A,34,hypothetical protein [Prevotella bergensis],blastp,nr,d9539_asm_v1.2_11,421.0,393,1655,+,33.729216152019
303,d9539_asm_v1.2_11,gi|970507841|ref|WP_058784001.1|,33.333,120,75,3,106,225,171,285,1.0,42.0,421,395,970507841,237610,,,29,isochorismate synthase [Pseudomonas psychrotolerans],blastp,nr,d9539_asm_v1.2_11,421.0,393,1655,+,28.50356294536817
304,d9539_asm_v1.2_11,gi|750264299|ref|WP_040554785.1|,27.014,211,122,7,18,221,81,266,1.9,41.6,421,447,750264299,282402,,,48,hypothetical protein [Prevotella multiformis],blastp,nr,d9539_asm_v1.2_11,421.0,393,1655,+,48.45605700712589
305,d9539_asm_v1.2_11,HMPREF9141_0987,27.014,211,122,7,18,221,71,256,0.17,40.8,421,437,0,,,,48,HMPREF9141_0987 hypothetical protein [Prevotella multiformis DSM 16608],blastp,hmp_pep,d9539_asm_v1.2_11,421.0,393,1655,+,48.45605700712589
306,d9539_asm_v1.2_11,HMPREF9141_0987,27.014,211,122,7,18,221,71,256,0.17,40.8,421,437,0,,,,48,HMPREF9141_0987 hypothetical protein [Prevotella multiformis DSM 16608],blastp,hmp_pep,d9539_asm_v1.2_11,421.0,393,1655,+,48.45605700712589
307,d9539_asm_v1.2_11,gi|755259304|gb|AJK28263.1|,31.068,103,42,5,1,103,1,74,2.1,40.8,421,285,755259304,1609634,,,24,hypothetical protein [Eel River basin pequenovirus],blastp,nr,d9539_asm_v1.2_11,421.0,393,1655,+,24.465558194774346
308,d9539_asm_v1.2_11,HMPREF9145_2738,28.571,98,67,1,74,171,41,135,0.58,38.9,421,322,0,,,,23,HMPREF9145_2738 hypothetical protein [Prevotella salivae F0493],blastp,hmp_pep,d9539_asm_v1.2_11,421.0,393,1655,+,23.27790973871734
309,d9539_asm_v1.2_11,HMPREF9145_2738,28.571,98,67,1,74,171,41,135,0.58,38.9,421,322,0,,,,23,HMPREF9145_2738 hypothetical protein [Prevotella salivae F0493],blastp,hmp_pep,d9539_asm_v1.2_11,421.0,393,1655,+,23.27790973871734
310,d9539_asm_v1.2_11,HMPREF0860_1608,30.508000000000006,59,39,1,249,305,383,441,1.2,38.5,421,1341,0,,,,14,HMPREF0860_1608 hypothetical protein [Treponema socranskii subsp. socranskii VPI DR56BR1116 = ATCC 35536],blastp,hmp_pep,d9539_asm_v1.2_11,421.0,393,1655,+,13.539192399049881
311,d9539_asm_v1.2_11,HMPREF0860_1608,30.508000000000006,59,39,1,249,305,383,441,1.2,38.5,421,1341,0,,,,14,HMPREF0860_1608 hypothetical protein [Treponema socranskii subsp. socranskii VPI DR56BR1116 = ATCC 35536],blastp,hmp_pep,d9539_asm_v1.2_11,421.0,393,1655,+,13.539192399049881
312,d9539_asm_v1.2_11,gi|135497532|gb|EBI02878.1|,29.752,121,56,5,141,261,32,123,0.9,36.2,421,126,135497532,408172.0,,,29,"hypothetical protein GOS_9161653, partial [marine metagenome]",blastp,env_nr,d9539_asm_v1.2_11,421.0,393,1655,+,28.741092636579573
313,d9539_asm_v1.2_11,gi|816462289|gb|KKK91827.1|,29.104,134,79,6,77,204,157,280,3.5,36.2,421,433,816462289,412755.0,,,30,"hypothetical protein LCGC14_2709040, partial [marine sediment metagenome]",blastp,env_nr,d9539_asm_v1.2_11,421.0,393,1655,+,30.40380047505938
314,d9539_asm_v1.2_11,gi|135189716|gb|EBG06774.1|,32.876999999999995,73,45,2,225,297,15,83,6.5,35.4,421,406,135189716,408172.0,,,17,"hypothetical protein GOS_9495209, partial [marine metagenome]",blastp,env_nr,d9539_asm_v1.2_11,421.0,393,1655,+,17.339667458432302
315,d9539_asm_v1.2_11,gi|139859426|gb|ECH96423.1|,35.821,67,36,2,224,286,153,216,7.9,34.7,421,247,139859426,408172.0,,,15,"hypothetical protein GOS_3195618, partial [marine metagenome]",blastp,env_nr,d9539_asm_v1.2_11,421.0,393,1655,+,14.964370546318289
316,d9539_asm_v1.2_11,gi|604215005|dbj|GAH14719.1|,29.577,71,50,0,87,157,63,133,9.0,33.5,421,138,604215005,412755.0,,,17,"unnamed protein product, partial [marine sediment metagenome]",blastp,env_nr,d9539_asm_v1.2_11,421.0,393,1655,+,16.8646080760095
317,d9539_asm_v1.2_1,MH0148_GL0013503,92.593,27,2,0,1,27,1,27,2.31e-10,57.4,27,121,0,,,,100,MH0148_GL0013503  [gene]  locus=scaffold78322_1:2441:2806:+ [Complete] codon-table.11,blastp,metahit_2014_pep,d9539_asm_v1.2_1,27.0,25,105,+,100.0
